Method,Job,AnalyzeLaunchVariance,EvaluateOverhead,MaxAbsoluteError,MaxRelativeError,MinInvokeCount,MinIterationTime,OutlierMode,Affinity,EnvironmentVariables,Jit,LargeAddressAware,Platform,PowerPlanMode,Runtime,AllowVeryLargeObjects,Concurrent,CpuGroups,Force,HeapAffinitizeMask,HeapCount,NoAffinitize,RetainVm,Server,Arguments,BuildConfiguration,Clock,EngineFactory,NuGetReferences,Toolchain,IsMutator,InvocationCount,IterationCount,IterationTime,LaunchCount,MaxIterationCount,MaxWarmupIterationCount,MemoryRandomization,MinIterationCount,MinWarmupIterationCount,RunStrategy,UnrollFactor,WarmupCount,ShapeIndex,Mean,Error,StdDev,SizeIndex,KvLen,Median,M,Ratio,RatioSD,_BenchClass
Conv2D_F32,Job-DGGSIS,False,Default,Default,Default,Default,Default,Default,1111111111111111,Empty,RyuJit,Default,X64,8c5e7fda-e8bf-4a96-9a85-a6e23a8c635c,.NET 10.0,False,True,False,True,Default,Default,False,False,False,Default,Default,Default,Default,Default,Default,Default,1,5,Default,1,Default,Default,Default,Default,Default,Throughput,1,1,0,5.670 ms,0.1824 ms,0.0474 ms,,,,,,,HartsyInference.GpuBenchmarks.Conv2DGpuBenchmarks
Conv2D_F32,Job-DGGSIS,False,Default,Default,Default,Default,Default,Default,1111111111111111,Empty,RyuJit,Default,X64,8c5e7fda-e8bf-4a96-9a85-a6e23a8c635c,.NET 10.0,False,True,False,True,Default,Default,False,False,False,Default,Default,Default,Default,Default,Default,Default,1,5,Default,1,Default,Default,Default,Default,Default,Throughput,1,1,1,3.999 ms,0.2353 ms,0.0611 ms,,,,,,,HartsyInference.GpuBenchmarks.Conv2DGpuBenchmarks
Conv2D_F32,Job-DGGSIS,False,Default,Default,Default,Default,Default,Default,1111111111111111,Empty,RyuJit,Default,X64,8c5e7fda-e8bf-4a96-9a85-a6e23a8c635c,.NET 10.0,False,True,False,True,Default,Default,False,False,False,Default,Default,Default,Default,Default,Default,Default,1,5,Default,1,Default,Default,Default,Default,Default,Throughput,1,1,2,4.022 ms,0.0268 ms,0.0070 ms,,,,,,,HartsyInference.GpuBenchmarks.Conv2DGpuBenchmarks
Conv2D_F32,Job-DGGSIS,False,Default,Default,Default,Default,Default,Default,1111111111111111,Empty,RyuJit,Default,X64,8c5e7fda-e8bf-4a96-9a85-a6e23a8c635c,.NET 10.0,False,True,False,True,Default,Default,False,False,False,Default,Default,Default,Default,Default,Default,Default,1,5,Default,1,Default,Default,Default,Default,Default,Throughput,1,1,3,1.499 ms,0.0258 ms,0.0040 ms,,,,,,,HartsyInference.GpuBenchmarks.Conv2DGpuBenchmarks
Conv2D_F32,Job-DGGSIS,False,Default,Default,Default,Default,Default,Default,1111111111111111,Empty,RyuJit,Default,X64,8c5e7fda-e8bf-4a96-9a85-a6e23a8c635c,.NET 10.0,False,True,False,True,Default,Default,False,False,False,Default,Default,Default,Default,Default,Default,Default,1,5,Default,1,Default,Default,Default,Default,Default,Throughput,1,1,4,1.133 ms,0.1067 ms,0.0277 ms,,,,,,,HartsyInference.GpuBenchmarks.Conv2DGpuBenchmarks
Conv2D_F32,Job-DGGSIS,False,Default,Default,Default,Default,Default,Default,1111111111111111,Empty,RyuJit,Default,X64,8c5e7fda-e8bf-4a96-9a85-a6e23a8c635c,.NET 10.0,False,True,False,True,Default,Default,False,False,False,Default,Default,Default,Default,Default,Default,Default,1,5,Default,1,Default,Default,Default,Default,Default,Throughput,1,1,5,6.110 ms,0.1354 ms,0.0352 ms,,,,,,,HartsyInference.GpuBenchmarks.Conv2DGpuBenchmarks
Conv2D_F32,Job-DGGSIS,False,Default,Default,Default,Default,Default,Default,1111111111111111,Empty,RyuJit,Default,X64,8c5e7fda-e8bf-4a96-9a85-a6e23a8c635c,.NET 10.0,False,True,False,True,Default,Default,False,False,False,Default,Default,Default,Default,Default,Default,Default,1,5,Default,1,Default,Default,Default,Default,Default,Throughput,1,1,6,43.299 ms,6.6854 ms,1.7362 ms,,,,,,,HartsyInference.GpuBenchmarks.Conv2DGpuBenchmarks
Conv2D_F32,Job-DGGSIS,False,Default,Default,Default,Default,Default,Default,1111111111111111,Empty,RyuJit,Default,X64,8c5e7fda-e8bf-4a96-9a85-a6e23a8c635c,.NET 10.0,False,True,False,True,Default,Default,False,False,False,Default,Default,Default,Default,Default,Default,Default,1,5,Default,1,Default,Default,Default,Default,Default,Throughput,1,1,7,47.855 ms,0.7405 ms,0.1923 ms,,,,,,,HartsyInference.GpuBenchmarks.Conv2DGpuBenchmarks
Silu,Job-DGGSIS,False,Default,Default,Default,Default,Default,Default,1111111111111111,Empty,RyuJit,Default,X64,8c5e7fda-e8bf-4a96-9a85-a6e23a8c635c,.NET 10.0,False,True,False,True,Default,Default,False,False,False,Default,Default,Default,Default,Default,Default,Default,1,5,Default,1,Default,Default,Default,Default,Default,Throughput,1,1,,216.87 μs,230.916 μs,59.968 μs,0,,,,,,HartsyInference.GpuBenchmarks.ElementwiseGpuBenchmarks
Gelu,Job-DGGSIS,False,Default,Default,Default,Default,Default,Default,1111111111111111,Empty,RyuJit,Default,X64,8c5e7fda-e8bf-4a96-9a85-a6e23a8c635c,.NET 10.0,False,True,False,True,Default,Default,False,False,False,Default,Default,Default,Default,Default,Default,Default,1,5,Default,1,Default,Default,Default,Default,Default,Throughput,1,1,,252.11 μs,268.352 μs,69.690 μs,0,,,,,,HartsyInference.GpuBenchmarks.ElementwiseGpuBenchmarks
BroadcastAdd,Job-DGGSIS,False,Default,Default,Default,Default,Default,Default,1111111111111111,Empty,RyuJit,Default,X64,8c5e7fda-e8bf-4a96-9a85-a6e23a8c635c,.NET 10.0,False,True,False,True,Default,Default,False,False,False,Default,Default,Default,Default,Default,Default,Default,1,5,Default,1,Default,Default,Default,Default,Default,Throughput,1,1,,167.52 μs,9.716 μs,2.523 μs,0,,,,,,HartsyInference.GpuBenchmarks.ElementwiseGpuBenchmarks
Silu,Job-DGGSIS,False,Default,Default,Default,Default,Default,Default,1111111111111111,Empty,RyuJit,Default,X64,8c5e7fda-e8bf-4a96-9a85-a6e23a8c635c,.NET 10.0,False,True,False,True,Default,Default,False,False,False,Default,Default,Default,Default,Default,Default,Default,1,5,Default,1,Default,Default,Default,Default,Default,Throughput,1,1,,60.09 μs,57.581 μs,8.911 μs,1,,,,,,HartsyInference.GpuBenchmarks.ElementwiseGpuBenchmarks
Gelu,Job-DGGSIS,False,Default,Default,Default,Default,Default,Default,1111111111111111,Empty,RyuJit,Default,X64,8c5e7fda-e8bf-4a96-9a85-a6e23a8c635c,.NET 10.0,False,True,False,True,Default,Default,False,False,False,Default,Default,Default,Default,Default,Default,Default,1,5,Default,1,Default,Default,Default,Default,Default,Throughput,1,1,,55.88 μs,22.452 μs,3.475 μs,1,,,,,,HartsyInference.GpuBenchmarks.ElementwiseGpuBenchmarks
BroadcastAdd,Job-DGGSIS,False,Default,Default,Default,Default,Default,Default,1111111111111111,Empty,RyuJit,Default,X64,8c5e7fda-e8bf-4a96-9a85-a6e23a8c635c,.NET 10.0,False,True,False,True,Default,Default,False,False,False,Default,Default,Default,Default,Default,Default,Default,1,5,Default,1,Default,Default,Default,Default,Default,Throughput,1,1,,66.93 μs,6.123 μs,1.590 μs,1,,,,,,HartsyInference.GpuBenchmarks.ElementwiseGpuBenchmarks
Silu,Job-DGGSIS,False,Default,Default,Default,Default,Default,Default,1111111111111111,Empty,RyuJit,Default,X64,8c5e7fda-e8bf-4a96-9a85-a6e23a8c635c,.NET 10.0,False,True,False,True,Default,Default,False,False,False,Default,Default,Default,Default,Default,Default,Default,1,5,Default,1,Default,Default,Default,Default,Default,Throughput,1,1,,222.15 μs,243.693 μs,63.286 μs,2,,,,,,HartsyInference.GpuBenchmarks.ElementwiseGpuBenchmarks
Gelu,Job-DGGSIS,False,Default,Default,Default,Default,Default,Default,1111111111111111,Empty,RyuJit,Default,X64,8c5e7fda-e8bf-4a96-9a85-a6e23a8c635c,.NET 10.0,False,True,False,True,Default,Default,False,False,False,Default,Default,Default,Default,Default,Default,Default,1,5,Default,1,Default,Default,Default,Default,Default,Throughput,1,1,,215.03 μs,245.774 μs,63.827 μs,2,,,,,,HartsyInference.GpuBenchmarks.ElementwiseGpuBenchmarks
BroadcastAdd,Job-DGGSIS,False,Default,Default,Default,Default,Default,Default,1111111111111111,Empty,RyuJit,Default,X64,8c5e7fda-e8bf-4a96-9a85-a6e23a8c635c,.NET 10.0,False,True,False,True,Default,Default,False,False,False,Default,Default,Default,Default,Default,Default,Default,1,5,Default,1,Default,Default,Default,Default,Default,Throughput,1,1,,176.06 μs,51.426 μs,7.958 μs,2,,,,,,HartsyInference.GpuBenchmarks.ElementwiseGpuBenchmarks
Silu,Job-DGGSIS,False,Default,Default,Default,Default,Default,Default,1111111111111111,Empty,RyuJit,Default,X64,8c5e7fda-e8bf-4a96-9a85-a6e23a8c635c,.NET 10.0,False,True,False,True,Default,Default,False,False,False,Default,Default,Default,Default,Default,Default,Default,1,5,Default,1,Default,Default,Default,Default,Default,Throughput,1,1,,34.56 μs,8.300 μs,2.156 μs,3,,,,,,HartsyInference.GpuBenchmarks.ElementwiseGpuBenchmarks
Gelu,Job-DGGSIS,False,Default,Default,Default,Default,Default,Default,1111111111111111,Empty,RyuJit,Default,X64,8c5e7fda-e8bf-4a96-9a85-a6e23a8c635c,.NET 10.0,False,True,False,True,Default,Default,False,False,False,Default,Default,Default,Default,Default,Default,Default,1,5,Default,1,Default,Default,Default,Default,Default,Throughput,1,1,,36.13 μs,6.981 μs,1.813 μs,3,,,,,,HartsyInference.GpuBenchmarks.ElementwiseGpuBenchmarks
BroadcastAdd,Job-DGGSIS,False,Default,Default,Default,Default,Default,Default,1111111111111111,Empty,RyuJit,Default,X64,8c5e7fda-e8bf-4a96-9a85-a6e23a8c635c,.NET 10.0,False,True,False,True,Default,Default,False,False,False,Default,Default,Default,Default,Default,Default,Default,1,5,Default,1,Default,Default,Default,Default,Default,Throughput,1,1,,34.26 μs,7.946 μs,2.063 μs,3,,,,,,HartsyInference.GpuBenchmarks.ElementwiseGpuBenchmarks
FlashAttn_Decode_F32,Job-DGGSIS,False,Default,Default,Default,Default,Default,Default,1111111111111111,Empty,RyuJit,Default,X64,8c5e7fda-e8bf-4a96-9a85-a6e23a8c635c,.NET 10.0,False,True,False,True,Default,Default,False,False,False,Default,Default,Default,Default,Default,Default,Default,1,5,Default,1,Default,Default,Default,Default,Default,Throughput,1,1,,300.8 μs,113.28 μs,29.42 μs,,512,,,,,HartsyInference.GpuBenchmarks.FlashAttnGpuBenchmarks
FlashAttn_Decode_F32,Job-DGGSIS,False,Default,Default,Default,Default,Default,Default,1111111111111111,Empty,RyuJit,Default,X64,8c5e7fda-e8bf-4a96-9a85-a6e23a8c635c,.NET 10.0,False,True,False,True,Default,Default,False,False,False,Default,Default,Default,Default,Default,Default,Default,1,5,Default,1,Default,Default,Default,Default,Default,Throughput,1,1,,989.6 μs,23.25 μs,3.60 μs,,2048,,,,,HartsyInference.GpuBenchmarks.FlashAttnGpuBenchmarks
FlashAttn_Decode_F32,Job-DGGSIS,False,Default,Default,Default,Default,Default,Default,1111111111111111,Empty,RyuJit,Default,X64,8c5e7fda-e8bf-4a96-9a85-a6e23a8c635c,.NET 10.0,False,True,False,True,Default,Default,False,False,False,Default,Default,Default,Default,Default,Default,Default,1,5,Default,1,Default,Default,Default,Default,Default,Throughput,1,1,,"3,827.2 μs",64.26 μs,9.94 μs,,8192,,,,,HartsyInference.GpuBenchmarks.FlashAttnGpuBenchmarks
GroupNorm,Job-DGGSIS,False,Default,Default,Default,Default,Default,Default,1111111111111111,Empty,RyuJit,Default,X64,8c5e7fda-e8bf-4a96-9a85-a6e23a8c635c,.NET 10.0,False,True,False,True,Default,Default,False,False,False,Default,Default,Default,Default,Default,Default,Default,1,5,Default,1,Default,Default,Default,Default,Default,Throughput,1,1,0,813.4 μs,308.32 μs,80.07 μs,,,,,,,HartsyInference.GpuBenchmarks.GroupNormGpuBenchmarks
GroupNormSilu_Fused,Job-DGGSIS,False,Default,Default,Default,Default,Default,Default,1111111111111111,Empty,RyuJit,Default,X64,8c5e7fda-e8bf-4a96-9a85-a6e23a8c635c,.NET 10.0,False,True,False,True,Default,Default,False,False,False,Default,Default,Default,Default,Default,Default,Default,1,5,Default,1,Default,Default,Default,Default,Default,Throughput,1,1,0,861.1 μs,320.17 μs,83.15 μs,,,,,,,HartsyInference.GpuBenchmarks.GroupNormGpuBenchmarks
GroupNorm,Job-DGGSIS,False,Default,Default,Default,Default,Default,Default,1111111111111111,Empty,RyuJit,Default,X64,8c5e7fda-e8bf-4a96-9a85-a6e23a8c635c,.NET 10.0,False,True,False,True,Default,Default,False,False,False,Default,Default,Default,Default,Default,Default,Default,1,5,Default,1,Default,Default,Default,Default,Default,Throughput,1,1,1,444.7 μs,322.49 μs,83.75 μs,,,,,,,HartsyInference.GpuBenchmarks.GroupNormGpuBenchmarks
GroupNormSilu_Fused,Job-DGGSIS,False,Default,Default,Default,Default,Default,Default,1111111111111111,Empty,RyuJit,Default,X64,8c5e7fda-e8bf-4a96-9a85-a6e23a8c635c,.NET 10.0,False,True,False,True,Default,Default,False,False,False,Default,Default,Default,Default,Default,Default,Default,1,5,Default,1,Default,Default,Default,Default,Default,Throughput,1,1,1,453.0 μs,281.91 μs,73.21 μs,,,,,,,HartsyInference.GpuBenchmarks.GroupNormGpuBenchmarks
GroupNorm,Job-DGGSIS,False,Default,Default,Default,Default,Default,Default,1111111111111111,Empty,RyuJit,Default,X64,8c5e7fda-e8bf-4a96-9a85-a6e23a8c635c,.NET 10.0,False,True,False,True,Default,Default,False,False,False,Default,Default,Default,Default,Default,Default,Default,1,5,Default,1,Default,Default,Default,Default,Default,Throughput,1,1,2,333.3 μs,408.61 μs,106.11 μs,,,,,,,HartsyInference.GpuBenchmarks.GroupNormGpuBenchmarks
GroupNormSilu_Fused,Job-DGGSIS,False,Default,Default,Default,Default,Default,Default,1111111111111111,Empty,RyuJit,Default,X64,8c5e7fda-e8bf-4a96-9a85-a6e23a8c635c,.NET 10.0,False,True,False,True,Default,Default,False,False,False,Default,Default,Default,Default,Default,Default,Default,1,5,Default,1,Default,Default,Default,Default,Default,Throughput,1,1,2,320.6 μs,260.32 μs,40.29 μs,,,,,,,HartsyInference.GpuBenchmarks.GroupNormGpuBenchmarks
GroupNorm,Job-DGGSIS,False,Default,Default,Default,Default,Default,Default,1111111111111111,Empty,RyuJit,Default,X64,8c5e7fda-e8bf-4a96-9a85-a6e23a8c635c,.NET 10.0,False,True,False,True,Default,Default,False,False,False,Default,Default,Default,Default,Default,Default,Default,1,5,Default,1,Default,Default,Default,Default,Default,Throughput,1,1,3,"1,380.7 μs",114.58 μs,29.76 μs,,,,,,,HartsyInference.GpuBenchmarks.GroupNormGpuBenchmarks
GroupNormSilu_Fused,Job-DGGSIS,False,Default,Default,Default,Default,Default,Default,1111111111111111,Empty,RyuJit,Default,X64,8c5e7fda-e8bf-4a96-9a85-a6e23a8c635c,.NET 10.0,False,True,False,True,Default,Default,False,False,False,Default,Default,Default,Default,Default,Default,Default,1,5,Default,1,Default,Default,Default,Default,Default,Throughput,1,1,3,"1,439.0 μs",88.96 μs,13.77 μs,,,,,,,HartsyInference.GpuBenchmarks.GroupNormGpuBenchmarks
GroupNorm,Job-DGGSIS,False,Default,Default,Default,Default,Default,Default,1111111111111111,Empty,RyuJit,Default,X64,8c5e7fda-e8bf-4a96-9a85-a6e23a8c635c,.NET 10.0,False,True,False,True,Default,Default,False,False,False,Default,Default,Default,Default,Default,Default,Default,1,5,Default,1,Default,Default,Default,Default,Default,Throughput,1,1,4,"10,330.7 μs","5,442.41 μs","1,413.38 μs",,,,,,,HartsyInference.GpuBenchmarks.GroupNormGpuBenchmarks
GroupNormSilu_Fused,Job-DGGSIS,False,Default,Default,Default,Default,Default,Default,1111111111111111,Empty,RyuJit,Default,X64,8c5e7fda-e8bf-4a96-9a85-a6e23a8c635c,.NET 10.0,False,True,False,True,Default,Default,False,False,False,Default,Default,Default,Default,Default,Default,Default,1,5,Default,1,Default,Default,Default,Default,Default,Throughput,1,1,4,"10,302.2 μs","2,956.63 μs",767.83 μs,,,,,,,HartsyInference.GpuBenchmarks.GroupNormGpuBenchmarks
LayerNorm,Job-DGGSIS,False,Default,Default,Default,Default,Default,Default,1111111111111111,Empty,RyuJit,Default,X64,8c5e7fda-e8bf-4a96-9a85-a6e23a8c635c,.NET 10.0,False,True,False,True,Default,Default,False,False,False,Default,Default,Default,Default,Default,Default,Default,1,5,Default,1,Default,Default,Default,Default,Default,Throughput,1,1,0,357.8 μs,430.9 μs,111.89 μs,,,380.2 μs,,,,HartsyInference.GpuBenchmarks.LayerNormGpuBenchmarks
LayerNorm,Job-DGGSIS,False,Default,Default,Default,Default,Default,Default,1111111111111111,Empty,RyuJit,Default,X64,8c5e7fda-e8bf-4a96-9a85-a6e23a8c635c,.NET 10.0,False,True,False,True,Default,Default,False,False,False,Default,Default,Default,Default,Default,Default,Default,1,5,Default,1,Default,Default,Default,Default,Default,Throughput,1,1,1,185.0 μs,394.1 μs,102.35 μs,,,116.6 μs,,,,HartsyInference.GpuBenchmarks.LayerNormGpuBenchmarks
LayerNorm,Job-DGGSIS,False,Default,Default,Default,Default,Default,Default,1111111111111111,Empty,RyuJit,Default,X64,8c5e7fda-e8bf-4a96-9a85-a6e23a8c635c,.NET 10.0,False,True,False,True,Default,Default,False,False,False,Default,Default,Default,Default,Default,Default,Default,1,5,Default,1,Default,Default,Default,Default,Default,Throughput,1,1,2,277.9 μs,415.7 μs,107.96 μs,,,212.8 μs,,,,HartsyInference.GpuBenchmarks.LayerNormGpuBenchmarks
LayerNorm,Job-DGGSIS,False,Default,Default,Default,Default,Default,Default,1111111111111111,Empty,RyuJit,Default,X64,8c5e7fda-e8bf-4a96-9a85-a6e23a8c635c,.NET 10.0,False,True,False,True,Default,Default,False,False,False,Default,Default,Default,Default,Default,Default,Default,1,5,Default,1,Default,Default,Default,Default,Default,Throughput,1,1,3,381.2 μs,488.6 μs,126.90 μs,,,417.9 μs,,,,HartsyInference.GpuBenchmarks.LayerNormGpuBenchmarks
LayerNorm,Job-DGGSIS,False,Default,Default,Default,Default,Default,Default,1111111111111111,Empty,RyuJit,Default,X64,8c5e7fda-e8bf-4a96-9a85-a6e23a8c635c,.NET 10.0,False,True,False,True,Default,Default,False,False,False,Default,Default,Default,Default,Default,Default,Default,1,5,Default,1,Default,Default,Default,Default,Default,Throughput,1,1,4,170.5 μs,211.5 μs,32.74 μs,,,159.7 μs,,,,HartsyInference.GpuBenchmarks.LayerNormGpuBenchmarks
MatMul_F32,Job-DGGSIS,False,Default,Default,Default,Default,Default,Default,1111111111111111,Empty,RyuJit,Default,X64,8c5e7fda-e8bf-4a96-9a85-a6e23a8c635c,.NET 10.0,False,True,False,True,Default,Default,False,False,False,Default,Default,Default,Default,Default,Default,Default,1,5,Default,1,Default,Default,Default,Default,Default,Throughput,1,1,0,"1,376.4 μs",411.80 μs,106.94 μs,,,"1,418.6 μs",,,,HartsyInference.GpuBenchmarks.MatMulGpuBenchmarks
MatMul_F16,Job-DGGSIS,False,Default,Default,Default,Default,Default,Default,1111111111111111,Empty,RyuJit,Default,X64,8c5e7fda-e8bf-4a96-9a85-a6e23a8c635c,.NET 10.0,False,True,False,True,Default,Default,False,False,False,Default,Default,Default,Default,Default,Default,Default,1,5,Default,1,Default,Default,Default,Default,Default,Throughput,1,1,0,837.9 μs,733.22 μs,190.42 μs,,,719.9 μs,,,,HartsyInference.GpuBenchmarks.MatMulGpuBenchmarks
Linear_F16_Bias,Job-DGGSIS,False,Default,Default,Default,Default,Default,Default,1111111111111111,Empty,RyuJit,Default,X64,8c5e7fda-e8bf-4a96-9a85-a6e23a8c635c,.NET 10.0,False,True,False,True,Default,Default,False,False,False,Default,Default,Default,Default,Default,Default,Default,1,5,Default,1,Default,Default,Default,Default,Default,Throughput,1,1,0,876.6 μs,538.30 μs,139.79 μs,,,802.6 μs,,,,HartsyInference.GpuBenchmarks.MatMulGpuBenchmarks
Linear_FP8_Native,Job-DGGSIS,False,Default,Default,Default,Default,Default,Default,1111111111111111,Empty,RyuJit,Default,X64,8c5e7fda-e8bf-4a96-9a85-a6e23a8c635c,.NET 10.0,False,True,False,True,Default,Default,False,False,False,Default,Default,Default,Default,Default,Default,Default,1,5,Default,1,Default,Default,Default,Default,Default,Throughput,1,1,0,798.5 μs,78.68 μs,12.18 μs,,,800.8 μs,,,,HartsyInference.GpuBenchmarks.MatMulGpuBenchmarks
MatMul_F32,Job-DGGSIS,False,Default,Default,Default,Default,Default,Default,1111111111111111,Empty,RyuJit,Default,X64,8c5e7fda-e8bf-4a96-9a85-a6e23a8c635c,.NET 10.0,False,True,False,True,Default,Default,False,False,False,Default,Default,Default,Default,Default,Default,Default,1,5,Default,1,Default,Default,Default,Default,Default,Throughput,1,1,1,"1,398.1 μs",388.79 μs,100.97 μs,,,"1,438.8 μs",,,,HartsyInference.GpuBenchmarks.MatMulGpuBenchmarks
MatMul_F16,Job-DGGSIS,False,Default,Default,Default,Default,Default,Default,1111111111111111,Empty,RyuJit,Default,X64,8c5e7fda-e8bf-4a96-9a85-a6e23a8c635c,.NET 10.0,False,True,False,True,Default,Default,False,False,False,Default,Default,Default,Default,Default,Default,Default,1,5,Default,1,Default,Default,Default,Default,Default,Throughput,1,1,1,747.6 μs,498.20 μs,129.38 μs,,,659.9 μs,,,,HartsyInference.GpuBenchmarks.MatMulGpuBenchmarks
Linear_F16_Bias,Job-DGGSIS,False,Default,Default,Default,Default,Default,Default,1111111111111111,Empty,RyuJit,Default,X64,8c5e7fda-e8bf-4a96-9a85-a6e23a8c635c,.NET 10.0,False,True,False,True,Default,Default,False,False,False,Default,Default,Default,Default,Default,Default,Default,1,5,Default,1,Default,Default,Default,Default,Default,Throughput,1,1,1,857.7 μs,470.43 μs,122.17 μs,,,784.4 μs,,,,HartsyInference.GpuBenchmarks.MatMulGpuBenchmarks
Linear_FP8_Native,Job-DGGSIS,False,Default,Default,Default,Default,Default,Default,1111111111111111,Empty,RyuJit,Default,X64,8c5e7fda-e8bf-4a96-9a85-a6e23a8c635c,.NET 10.0,False,True,False,True,Default,Default,False,False,False,Default,Default,Default,Default,Default,Default,Default,1,5,Default,1,Default,Default,Default,Default,Default,Throughput,1,1,1,809.4 μs,163.07 μs,25.23 μs,,,813.2 μs,,,,HartsyInference.GpuBenchmarks.MatMulGpuBenchmarks
MatMul_F32,Job-DGGSIS,False,Default,Default,Default,Default,Default,Default,1111111111111111,Empty,RyuJit,Default,X64,8c5e7fda-e8bf-4a96-9a85-a6e23a8c635c,.NET 10.0,False,True,False,True,Default,Default,False,False,False,Default,Default,Default,Default,Default,Default,Default,1,5,Default,1,Default,Default,Default,Default,Default,Throughput,1,1,2,"9,377.9 μs",714.41 μs,110.56 μs,,,"9,336.6 μs",,,,HartsyInference.GpuBenchmarks.MatMulGpuBenchmarks
MatMul_F16,Job-DGGSIS,False,Default,Default,Default,Default,Default,Default,1111111111111111,Empty,RyuJit,Default,X64,8c5e7fda-e8bf-4a96-9a85-a6e23a8c635c,.NET 10.0,False,True,False,True,Default,Default,False,False,False,Default,Default,Default,Default,Default,Default,Default,1,5,Default,1,Default,Default,Default,Default,Default,Throughput,1,1,2,"4,962.7 μs","1,901.19 μs",294.21 μs,,,"4,830.8 μs",,,,HartsyInference.GpuBenchmarks.MatMulGpuBenchmarks
Linear_F16_Bias,Job-DGGSIS,False,Default,Default,Default,Default,Default,Default,1111111111111111,Empty,RyuJit,Default,X64,8c5e7fda-e8bf-4a96-9a85-a6e23a8c635c,.NET 10.0,False,True,False,True,Default,Default,False,False,False,Default,Default,Default,Default,Default,Default,Default,1,5,Default,1,Default,Default,Default,Default,Default,Throughput,1,1,2,"5,277.7 μs","2,110.59 μs",548.11 μs,,,"4,930.0 μs",,,,HartsyInference.GpuBenchmarks.MatMulGpuBenchmarks
Linear_FP8_Native,Job-DGGSIS,False,Default,Default,Default,Default,Default,Default,1111111111111111,Empty,RyuJit,Default,X64,8c5e7fda-e8bf-4a96-9a85-a6e23a8c635c,.NET 10.0,False,True,False,True,Default,Default,False,False,False,Default,Default,Default,Default,Default,Default,Default,1,5,Default,1,Default,Default,Default,Default,Default,Throughput,1,1,2,"5,488.6 μs","2,400.64 μs",371.50 μs,,,"5,619.1 μs",,,,HartsyInference.GpuBenchmarks.MatMulGpuBenchmarks
MatMul_F32,Job-DGGSIS,False,Default,Default,Default,Default,Default,Default,1111111111111111,Empty,RyuJit,Default,X64,8c5e7fda-e8bf-4a96-9a85-a6e23a8c635c,.NET 10.0,False,True,False,True,Default,Default,False,False,False,Default,Default,Default,Default,Default,Default,Default,1,5,Default,1,Default,Default,Default,Default,Default,Throughput,1,1,3,"4,645.8 μs",138.49 μs,21.43 μs,,,"4,644.1 μs",,,,HartsyInference.GpuBenchmarks.MatMulGpuBenchmarks
MatMul_F16,Job-DGGSIS,False,Default,Default,Default,Default,Default,Default,1111111111111111,Empty,RyuJit,Default,X64,8c5e7fda-e8bf-4a96-9a85-a6e23a8c635c,.NET 10.0,False,True,False,True,Default,Default,False,False,False,Default,Default,Default,Default,Default,Default,Default,1,5,Default,1,Default,Default,Default,Default,Default,Throughput,1,1,3,"2,401.3 μs",179.19 μs,27.73 μs,,,"2,391.4 μs",,,,HartsyInference.GpuBenchmarks.MatMulGpuBenchmarks
Linear_F16_Bias,Job-DGGSIS,False,Default,Default,Default,Default,Default,Default,1111111111111111,Empty,RyuJit,Default,X64,8c5e7fda-e8bf-4a96-9a85-a6e23a8c635c,.NET 10.0,False,True,False,True,Default,Default,False,False,False,Default,Default,Default,Default,Default,Default,Default,1,5,Default,1,Default,Default,Default,Default,Default,Throughput,1,1,3,"4,008.5 μs","6,003.83 μs",929.10 μs,,,"4,424.4 μs",,,,HartsyInference.GpuBenchmarks.MatMulGpuBenchmarks
Linear_FP8_Native,Job-DGGSIS,False,Default,Default,Default,Default,Default,Default,1111111111111111,Empty,RyuJit,Default,X64,8c5e7fda-e8bf-4a96-9a85-a6e23a8c635c,.NET 10.0,False,True,False,True,Default,Default,False,False,False,Default,Default,Default,Default,Default,Default,Default,1,5,Default,1,Default,Default,Default,Default,Default,Throughput,1,1,3,"3,184.9 μs","2,704.01 μs",418.45 μs,,,"3,276.1 μs",,,,HartsyInference.GpuBenchmarks.MatMulGpuBenchmarks
MatMul_F32,Job-DGGSIS,False,Default,Default,Default,Default,Default,Default,1111111111111111,Empty,RyuJit,Default,X64,8c5e7fda-e8bf-4a96-9a85-a6e23a8c635c,.NET 10.0,False,True,False,True,Default,Default,False,False,False,Default,Default,Default,Default,Default,Default,Default,1,5,Default,1,Default,Default,Default,Default,Default,Throughput,1,1,4,"5,568.0 μs","2,297.64 μs",355.56 μs,,,"5,609.6 μs",,,,HartsyInference.GpuBenchmarks.MatMulGpuBenchmarks
MatMul_F16,Job-DGGSIS,False,Default,Default,Default,Default,Default,Default,1111111111111111,Empty,RyuJit,Default,X64,8c5e7fda-e8bf-4a96-9a85-a6e23a8c635c,.NET 10.0,False,True,False,True,Default,Default,False,False,False,Default,Default,Default,Default,Default,Default,Default,1,5,Default,1,Default,Default,Default,Default,Default,Throughput,1,1,4,"4,018.0 μs","5,383.12 μs","1,397.98 μs",,,"3,094.3 μs",,,,HartsyInference.GpuBenchmarks.MatMulGpuBenchmarks
Linear_F16_Bias,Job-DGGSIS,False,Default,Default,Default,Default,Default,Default,1111111111111111,Empty,RyuJit,Default,X64,8c5e7fda-e8bf-4a96-9a85-a6e23a8c635c,.NET 10.0,False,True,False,True,Default,Default,False,False,False,Default,Default,Default,Default,Default,Default,Default,1,5,Default,1,Default,Default,Default,Default,Default,Throughput,1,1,4,"2,840.6 μs",478.40 μs,124.24 μs,,,"2,759.4 μs",,,,HartsyInference.GpuBenchmarks.MatMulGpuBenchmarks
Linear_FP8_Native,Job-DGGSIS,False,Default,Default,Default,Default,Default,Default,1111111111111111,Empty,RyuJit,Default,X64,8c5e7fda-e8bf-4a96-9a85-a6e23a8c635c,.NET 10.0,False,True,False,True,Default,Default,False,False,False,Default,Default,Default,Default,Default,Default,Default,1,5,Default,1,Default,Default,Default,Default,Default,Throughput,1,1,4,"4,923.0 μs","3,554.01 μs",922.97 μs,,,"4,694.6 μs",,,,HartsyInference.GpuBenchmarks.MatMulGpuBenchmarks
MatMul_F32,Job-DGGSIS,False,Default,Default,Default,Default,Default,Default,1111111111111111,Empty,RyuJit,Default,X64,8c5e7fda-e8bf-4a96-9a85-a6e23a8c635c,.NET 10.0,False,True,False,True,Default,Default,False,False,False,Default,Default,Default,Default,Default,Default,Default,1,5,Default,1,Default,Default,Default,Default,Default,Throughput,1,1,5,"6,993.1 μs","1,511.61 μs",392.56 μs,,,"7,009.9 μs",,,,HartsyInference.GpuBenchmarks.MatMulGpuBenchmarks
MatMul_F16,Job-DGGSIS,False,Default,Default,Default,Default,Default,Default,1111111111111111,Empty,RyuJit,Default,X64,8c5e7fda-e8bf-4a96-9a85-a6e23a8c635c,.NET 10.0,False,True,False,True,Default,Default,False,False,False,Default,Default,Default,Default,Default,Default,Default,1,5,Default,1,Default,Default,Default,Default,Default,Throughput,1,1,5,"3,800.3 μs",440.21 μs,114.32 μs,,,"3,755.0 μs",,,,HartsyInference.GpuBenchmarks.MatMulGpuBenchmarks
Linear_F16_Bias,Job-DGGSIS,False,Default,Default,Default,Default,Default,Default,1111111111111111,Empty,RyuJit,Default,X64,8c5e7fda-e8bf-4a96-9a85-a6e23a8c635c,.NET 10.0,False,True,False,True,Default,Default,False,False,False,Default,Default,Default,Default,Default,Default,Default,1,5,Default,1,Default,Default,Default,Default,Default,Throughput,1,1,5,"3,750.8 μs",722.32 μs,187.59 μs,,,"3,660.8 μs",,,,HartsyInference.GpuBenchmarks.MatMulGpuBenchmarks
Linear_FP8_Native,Job-DGGSIS,False,Default,Default,Default,Default,Default,Default,1111111111111111,Empty,RyuJit,Default,X64,8c5e7fda-e8bf-4a96-9a85-a6e23a8c635c,.NET 10.0,False,True,False,True,Default,Default,False,False,False,Default,Default,Default,Default,Default,Default,Default,1,5,Default,1,Default,Default,Default,Default,Default,Throughput,1,1,5,"3,698.5 μs",410.72 μs,106.66 μs,,,"3,743.3 μs",,,,HartsyInference.GpuBenchmarks.MatMulGpuBenchmarks
MatMul_F32,Job-DGGSIS,False,Default,Default,Default,Default,Default,Default,1111111111111111,Empty,RyuJit,Default,X64,8c5e7fda-e8bf-4a96-9a85-a6e23a8c635c,.NET 10.0,False,True,False,True,Default,Default,False,False,False,Default,Default,Default,Default,Default,Default,Default,1,5,Default,1,Default,Default,Default,Default,Default,Throughput,1,1,6,"1,525.5 μs",480.08 μs,124.68 μs,,,"1,601.3 μs",,,,HartsyInference.GpuBenchmarks.MatMulGpuBenchmarks
MatMul_F16,Job-DGGSIS,False,Default,Default,Default,Default,Default,Default,1111111111111111,Empty,RyuJit,Default,X64,8c5e7fda-e8bf-4a96-9a85-a6e23a8c635c,.NET 10.0,False,True,False,True,Default,Default,False,False,False,Default,Default,Default,Default,Default,Default,Default,1,5,Default,1,Default,Default,Default,Default,Default,Throughput,1,1,6,957.7 μs,440.60 μs,114.42 μs,,,963.8 μs,,,,HartsyInference.GpuBenchmarks.MatMulGpuBenchmarks
Linear_F16_Bias,Job-DGGSIS,False,Default,Default,Default,Default,Default,Default,1111111111111111,Empty,RyuJit,Default,X64,8c5e7fda-e8bf-4a96-9a85-a6e23a8c635c,.NET 10.0,False,True,False,True,Default,Default,False,False,False,Default,Default,Default,Default,Default,Default,Default,1,5,Default,1,Default,Default,Default,Default,Default,Throughput,1,1,6,912.9 μs,526.68 μs,136.78 μs,,,951.0 μs,,,,HartsyInference.GpuBenchmarks.MatMulGpuBenchmarks
Linear_FP8_Native,Job-DGGSIS,False,Default,Default,Default,Default,Default,Default,1111111111111111,Empty,RyuJit,Default,X64,8c5e7fda-e8bf-4a96-9a85-a6e23a8c635c,.NET 10.0,False,True,False,True,Default,Default,False,False,False,Default,Default,Default,Default,Default,Default,Default,1,5,Default,1,Default,Default,Default,Default,Default,Throughput,1,1,6,832.9 μs,104.19 μs,16.12 μs,,,837.2 μs,,,,HartsyInference.GpuBenchmarks.MatMulGpuBenchmarks
MatMul_F32,Job-DGGSIS,False,Default,Default,Default,Default,Default,Default,1111111111111111,Empty,RyuJit,Default,X64,8c5e7fda-e8bf-4a96-9a85-a6e23a8c635c,.NET 10.0,False,True,False,True,Default,Default,False,False,False,Default,Default,Default,Default,Default,Default,Default,1,5,Default,1,Default,Default,Default,Default,Default,Throughput,1,1,7,"7,455.7 μs",654.27 μs,101.25 μs,,,"7,416.3 μs",,,,HartsyInference.GpuBenchmarks.MatMulGpuBenchmarks
MatMul_F16,Job-DGGSIS,False,Default,Default,Default,Default,Default,Default,1111111111111111,Empty,RyuJit,Default,X64,8c5e7fda-e8bf-4a96-9a85-a6e23a8c635c,.NET 10.0,False,True,False,True,Default,Default,False,False,False,Default,Default,Default,Default,Default,Default,Default,1,5,Default,1,Default,Default,Default,Default,Default,Throughput,1,1,7,"4,620.7 μs","1,033.75 μs",268.46 μs,,,"4,497.6 μs",,,,HartsyInference.GpuBenchmarks.MatMulGpuBenchmarks
Linear_F16_Bias,Job-DGGSIS,False,Default,Default,Default,Default,Default,Default,1111111111111111,Empty,RyuJit,Default,X64,8c5e7fda-e8bf-4a96-9a85-a6e23a8c635c,.NET 10.0,False,True,False,True,Default,Default,False,False,False,Default,Default,Default,Default,Default,Default,Default,1,5,Default,1,Default,Default,Default,Default,Default,Throughput,1,1,7,"5,261.8 μs","3,097.91 μs",804.52 μs,,,"5,534.4 μs",,,,HartsyInference.GpuBenchmarks.MatMulGpuBenchmarks
Linear_FP8_Native,Job-DGGSIS,False,Default,Default,Default,Default,Default,Default,1111111111111111,Empty,RyuJit,Default,X64,8c5e7fda-e8bf-4a96-9a85-a6e23a8c635c,.NET 10.0,False,True,False,True,Default,Default,False,False,False,Default,Default,Default,Default,Default,Default,Default,1,5,Default,1,Default,Default,Default,Default,Default,Throughput,1,1,7,"4,298.4 μs",507.45 μs,131.78 μs,,,"4,211.0 μs",,,,HartsyInference.GpuBenchmarks.MatMulGpuBenchmarks
MatMul_F32,Job-DGGSIS,False,Default,Default,Default,Default,Default,Default,1111111111111111,Empty,RyuJit,Default,X64,8c5e7fda-e8bf-4a96-9a85-a6e23a8c635c,.NET 10.0,False,True,False,True,Default,Default,False,False,False,Default,Default,Default,Default,Default,Default,Default,1,5,Default,1,Default,Default,Default,Default,Default,Throughput,1,1,8,"3,087.1 μs",467.01 μs,121.28 μs,,,"3,139.2 μs",,,,HartsyInference.GpuBenchmarks.MatMulGpuBenchmarks
MatMul_F16,Job-DGGSIS,False,Default,Default,Default,Default,Default,Default,1111111111111111,Empty,RyuJit,Default,X64,8c5e7fda-e8bf-4a96-9a85-a6e23a8c635c,.NET 10.0,False,True,False,True,Default,Default,False,False,False,Default,Default,Default,Default,Default,Default,Default,1,5,Default,1,Default,Default,Default,Default,Default,Throughput,1,1,8,"1,824.1 μs",448.39 μs,116.44 μs,,,"1,743.3 μs",,,,HartsyInference.GpuBenchmarks.MatMulGpuBenchmarks
Linear_F16_Bias,Job-DGGSIS,False,Default,Default,Default,Default,Default,Default,1111111111111111,Empty,RyuJit,Default,X64,8c5e7fda-e8bf-4a96-9a85-a6e23a8c635c,.NET 10.0,False,True,False,True,Default,Default,False,False,False,Default,Default,Default,Default,Default,Default,Default,1,5,Default,1,Default,Default,Default,Default,Default,Throughput,1,1,8,"1,755.4 μs",461.89 μs,119.95 μs,,,"1,696.3 μs",,,,HartsyInference.GpuBenchmarks.MatMulGpuBenchmarks
Linear_FP8_Native,Job-DGGSIS,False,Default,Default,Default,Default,Default,Default,1111111111111111,Empty,RyuJit,Default,X64,8c5e7fda-e8bf-4a96-9a85-a6e23a8c635c,.NET 10.0,False,True,False,True,Default,Default,False,False,False,Default,Default,Default,Default,Default,Default,Default,1,5,Default,1,Default,Default,Default,Default,Default,Throughput,1,1,8,"1,812.5 μs",597.87 μs,155.27 μs,,,"1,714.9 μs",,,,HartsyInference.GpuBenchmarks.MatMulGpuBenchmarks
MatMul_F32,Job-DGGSIS,False,Default,Default,Default,Default,Default,Default,1111111111111111,Empty,RyuJit,Default,X64,8c5e7fda-e8bf-4a96-9a85-a6e23a8c635c,.NET 10.0,False,True,False,True,Default,Default,False,False,False,Default,Default,Default,Default,Default,Default,Default,1,5,Default,1,Default,Default,Default,Default,Default,Throughput,1,1,9,"5,142.6 μs",567.77 μs,147.45 μs,,,"5,215.6 μs",,,,HartsyInference.GpuBenchmarks.MatMulGpuBenchmarks
MatMul_F16,Job-DGGSIS,False,Default,Default,Default,Default,Default,Default,1111111111111111,Empty,RyuJit,Default,X64,8c5e7fda-e8bf-4a96-9a85-a6e23a8c635c,.NET 10.0,False,True,False,True,Default,Default,False,False,False,Default,Default,Default,Default,Default,Default,Default,1,5,Default,1,Default,Default,Default,Default,Default,Throughput,1,1,9,"2,962.2 μs",868.79 μs,225.62 μs,,,"2,823.1 μs",,,,HartsyInference.GpuBenchmarks.MatMulGpuBenchmarks
Linear_F16_Bias,Job-DGGSIS,False,Default,Default,Default,Default,Default,Default,1111111111111111,Empty,RyuJit,Default,X64,8c5e7fda-e8bf-4a96-9a85-a6e23a8c635c,.NET 10.0,False,True,False,True,Default,Default,False,False,False,Default,Default,Default,Default,Default,Default,Default,1,5,Default,1,Default,Default,Default,Default,Default,Throughput,1,1,9,"2,825.1 μs",446.04 μs,115.84 μs,,,"2,758.2 μs",,,,HartsyInference.GpuBenchmarks.MatMulGpuBenchmarks
Linear_FP8_Native,Job-DGGSIS,False,Default,Default,Default,Default,Default,Default,1111111111111111,Empty,RyuJit,Default,X64,8c5e7fda-e8bf-4a96-9a85-a6e23a8c635c,.NET 10.0,False,True,False,True,Default,Default,False,False,False,Default,Default,Default,Default,Default,Default,Default,1,5,Default,1,Default,Default,Default,Default,Default,Throughput,1,1,9,"2,813.4 μs",470.08 μs,122.08 μs,,,"2,768.9 μs",,,,HartsyInference.GpuBenchmarks.MatMulGpuBenchmarks
AllocFree_Sync,Job-DGGSIS,False,Default,Default,Default,Default,Default,Default,1111111111111111,Empty,RyuJit,Default,X64,8c5e7fda-e8bf-4a96-9a85-a6e23a8c635c,.NET 10.0,False,True,False,True,Default,Default,False,False,False,Default,Default,Default,Default,Default,Default,Default,1,5,Default,1,Default,Default,Default,Default,Default,Throughput,1,1,,20.69 μs,30.36 μs,7.885 μs,0,,25.33 μs,,,,HartsyInference.GpuBenchmarks.MemoryAllocFreeBenchmarks
AllocFree_Async,Job-DGGSIS,False,Default,Default,Default,Default,Default,Default,1111111111111111,Empty,RyuJit,Default,X64,8c5e7fda-e8bf-4a96-9a85-a6e23a8c635c,.NET 10.0,False,True,False,True,Default,Default,False,False,False,Default,Default,Default,Default,Default,Default,Default,1,5,Default,1,Default,Default,Default,Default,Default,Throughput,1,1,,38.24 μs,36.94 μs,9.593 μs,0,,34.67 μs,,,,HartsyInference.GpuBenchmarks.MemoryAllocFreeBenchmarks
AllocFree_Sync,Job-DGGSIS,False,Default,Default,Default,Default,Default,Default,1111111111111111,Empty,RyuJit,Default,X64,8c5e7fda-e8bf-4a96-9a85-a6e23a8c635c,.NET 10.0,False,True,False,True,Default,Default,False,False,False,Default,Default,Default,Default,Default,Default,Default,1,5,Default,1,Default,Default,Default,Default,Default,Throughput,1,1,,19.40 μs,28.11 μs,7.300 μs,1,,18.98 μs,,,,HartsyInference.GpuBenchmarks.MemoryAllocFreeBenchmarks
AllocFree_Async,Job-DGGSIS,False,Default,Default,Default,Default,Default,Default,1111111111111111,Empty,RyuJit,Default,X64,8c5e7fda-e8bf-4a96-9a85-a6e23a8c635c,.NET 10.0,False,True,False,True,Default,Default,False,False,False,Default,Default,Default,Default,Default,Default,Default,1,5,Default,1,Default,Default,Default,Default,Default,Throughput,1,1,,30.71 μs,20.26 μs,3.135 μs,1,,31.71 μs,,,,HartsyInference.GpuBenchmarks.MemoryAllocFreeBenchmarks
AllocFree_Sync,Job-DGGSIS,False,Default,Default,Default,Default,Default,Default,1111111111111111,Empty,RyuJit,Default,X64,8c5e7fda-e8bf-4a96-9a85-a6e23a8c635c,.NET 10.0,False,True,False,True,Default,Default,False,False,False,Default,Default,Default,Default,Default,Default,Default,1,5,Default,1,Default,Default,Default,Default,Default,Throughput,1,1,,14.35 μs,11.81 μs,1.827 μs,2,,14.04 μs,,,,HartsyInference.GpuBenchmarks.MemoryAllocFreeBenchmarks
AllocFree_Async,Job-DGGSIS,False,Default,Default,Default,Default,Default,Default,1111111111111111,Empty,RyuJit,Default,X64,8c5e7fda-e8bf-4a96-9a85-a6e23a8c635c,.NET 10.0,False,True,False,True,Default,Default,False,False,False,Default,Default,Default,Default,Default,Default,Default,1,5,Default,1,Default,Default,Default,Default,Default,Throughput,1,1,,30.69 μs,56.97 μs,14.794 μs,2,,23.33 μs,,,,HartsyInference.GpuBenchmarks.MemoryAllocFreeBenchmarks
AllocFree_Sync,Job-DGGSIS,False,Default,Default,Default,Default,Default,Default,1111111111111111,Empty,RyuJit,Default,X64,8c5e7fda-e8bf-4a96-9a85-a6e23a8c635c,.NET 10.0,False,True,False,True,Default,Default,False,False,False,Default,Default,Default,Default,Default,Default,Default,1,5,Default,1,Default,Default,Default,Default,Default,Throughput,1,1,,18.10 μs,30.51 μs,7.924 μs,3,,19.94 μs,,,,HartsyInference.GpuBenchmarks.MemoryAllocFreeBenchmarks
AllocFree_Async,Job-DGGSIS,False,Default,Default,Default,Default,Default,Default,1111111111111111,Empty,RyuJit,Default,X64,8c5e7fda-e8bf-4a96-9a85-a6e23a8c635c,.NET 10.0,False,True,False,True,Default,Default,False,False,False,Default,Default,Default,Default,Default,Default,Default,1,5,Default,1,Default,Default,Default,Default,Default,Throughput,1,1,,42.38 μs,12.53 μs,3.254 μs,3,,42.17 μs,,,,HartsyInference.GpuBenchmarks.MemoryAllocFreeBenchmarks
AllocFree_Sync,Job-DGGSIS,False,Default,Default,Default,Default,Default,Default,1111111111111111,Empty,RyuJit,Default,X64,8c5e7fda-e8bf-4a96-9a85-a6e23a8c635c,.NET 10.0,False,True,False,True,Default,Default,False,False,False,Default,Default,Default,Default,Default,Default,Default,1,5,Default,1,Default,Default,Default,Default,Default,Throughput,1,1,,18.93 μs,30.56 μs,7.937 μs,4,,13.77 μs,,,,HartsyInference.GpuBenchmarks.MemoryAllocFreeBenchmarks
AllocFree_Async,Job-DGGSIS,False,Default,Default,Default,Default,Default,Default,1111111111111111,Empty,RyuJit,Default,X64,8c5e7fda-e8bf-4a96-9a85-a6e23a8c635c,.NET 10.0,False,True,False,True,Default,Default,False,False,False,Default,Default,Default,Default,Default,Default,Default,1,5,Default,1,Default,Default,Default,Default,Default,Throughput,1,1,,32.84 μs,29.94 μs,4.634 μs,4,,32.66 μs,,,,HartsyInference.GpuBenchmarks.MemoryAllocFreeBenchmarks
Linear_F16,Job-DGGSIS,False,Default,Default,Default,Default,Default,Default,1111111111111111,Empty,RyuJit,Default,X64,8c5e7fda-e8bf-4a96-9a85-a6e23a8c635c,.NET 10.0,False,True,False,True,Default,Default,False,False,False,Default,Default,Default,Default,Default,Default,Default,1,5,Default,1,Default,Default,Default,Default,Default,Throughput,1,1,,410.9 μs,83.11 μs,21.58 μs,,,,1,1.00,0.07,HartsyInference.GpuBenchmarks.QuantMatMulGpuBenchmarks
QuantMatMul_Q4K,Job-DGGSIS,False,Default,Default,Default,Default,Default,Default,1111111111111111,Empty,RyuJit,Default,X64,8c5e7fda-e8bf-4a96-9a85-a6e23a8c635c,.NET 10.0,False,True,False,True,Default,Default,False,False,False,Default,Default,Default,Default,Default,Default,Default,1,5,Default,1,Default,Default,Default,Default,Default,Throughput,1,1,,"1,012.8 μs",225.31 μs,58.51 μs,,,,1,2.47,0.17,HartsyInference.GpuBenchmarks.QuantMatMulGpuBenchmarks
Linear_F16,Job-DGGSIS,False,Default,Default,Default,Default,Default,Default,1111111111111111,Empty,RyuJit,Default,X64,8c5e7fda-e8bf-4a96-9a85-a6e23a8c635c,.NET 10.0,False,True,False,True,Default,Default,False,False,False,Default,Default,Default,Default,Default,Default,Default,1,5,Default,1,Default,Default,Default,Default,Default,Throughput,1,1,,"3,726.4 μs",743.33 μs,115.03 μs,,,,1024,1.00,0.04,HartsyInference.GpuBenchmarks.QuantMatMulGpuBenchmarks
QuantMatMul_Q4K,Job-DGGSIS,False,Default,Default,Default,Default,Default,Default,1111111111111111,Empty,RyuJit,Default,X64,8c5e7fda-e8bf-4a96-9a85-a6e23a8c635c,.NET 10.0,False,True,False,True,Default,Default,False,False,False,Default,Default,Default,Default,Default,Default,Default,1,5,Default,1,Default,Default,Default,Default,Default,Throughput,1,1,,"4,279.2 μs",696.79 μs,107.83 μs,,,,1024,1.15,0.04,HartsyInference.GpuBenchmarks.QuantMatMulGpuBenchmarks
Linear_F16,Job-DGGSIS,False,Default,Default,Default,Default,Default,Default,1111111111111111,Empty,RyuJit,Default,X64,8c5e7fda-e8bf-4a96-9a85-a6e23a8c635c,.NET 10.0,False,True,False,True,Default,Default,False,False,False,Default,Default,Default,Default,Default,Default,Default,1,5,Default,1,Default,Default,Default,Default,Default,Throughput,1,1,,"13,565.8 μs",770.81 μs,200.18 μs,,,,4096,1.00,0.02,HartsyInference.GpuBenchmarks.QuantMatMulGpuBenchmarks
QuantMatMul_Q4K,Job-DGGSIS,False,Default,Default,Default,Default,Default,Default,1111111111111111,Empty,RyuJit,Default,X64,8c5e7fda-e8bf-4a96-9a85-a6e23a8c635c,.NET 10.0,False,True,False,True,Default,Default,False,False,False,Default,Default,Default,Default,Default,Default,Default,1,5,Default,1,Default,Default,Default,Default,Default,Throughput,1,1,,"13,915.0 μs",534.83 μs,82.76 μs,,,,4096,1.03,0.01,HartsyInference.GpuBenchmarks.QuantMatMulGpuBenchmarks
RmsNorm,Job-DGGSIS,False,Default,Default,Default,Default,Default,Default,1111111111111111,Empty,RyuJit,Default,X64,8c5e7fda-e8bf-4a96-9a85-a6e23a8c635c,.NET 10.0,False,True,False,True,Default,Default,False,False,False,Default,Default,Default,Default,Default,Default,Default,1,5,Default,1,Default,Default,Default,Default,Default,Throughput,1,1,0,146.6 μs,212.6 μs,32.90 μs,,,142.9 μs,,,,HartsyInference.GpuBenchmarks.RmsNormGpuBenchmarks
RmsNorm,Job-DGGSIS,False,Default,Default,Default,Default,Default,Default,1111111111111111,Empty,RyuJit,Default,X64,8c5e7fda-e8bf-4a96-9a85-a6e23a8c635c,.NET 10.0,False,True,False,True,Default,Default,False,False,False,Default,Default,Default,Default,Default,Default,Default,1,5,Default,1,Default,Default,Default,Default,Default,Throughput,1,1,1,352.1 μs,698.0 μs,181.27 μs,,,230.3 μs,,,,HartsyInference.GpuBenchmarks.RmsNormGpuBenchmarks
RmsNorm,Job-DGGSIS,False,Default,Default,Default,Default,Default,Default,1111111111111111,Empty,RyuJit,Default,X64,8c5e7fda-e8bf-4a96-9a85-a6e23a8c635c,.NET 10.0,False,True,False,True,Default,Default,False,False,False,Default,Default,Default,Default,Default,Default,Default,1,5,Default,1,Default,Default,Default,Default,Default,Throughput,1,1,2,368.3 μs,464.1 μs,120.53 μs,,,415.2 μs,,,,HartsyInference.GpuBenchmarks.RmsNormGpuBenchmarks
RmsNorm,Job-DGGSIS,False,Default,Default,Default,Default,Default,Default,1111111111111111,Empty,RyuJit,Default,X64,8c5e7fda-e8bf-4a96-9a85-a6e23a8c635c,.NET 10.0,False,True,False,True,Default,Default,False,False,False,Default,Default,Default,Default,Default,Default,Default,1,5,Default,1,Default,Default,Default,Default,Default,Throughput,1,1,3,257.8 μs,594.3 μs,154.34 μs,,,189.4 μs,,,,HartsyInference.GpuBenchmarks.RmsNormGpuBenchmarks
RmsNorm,Job-DGGSIS,False,Default,Default,Default,Default,Default,Default,1111111111111111,Empty,RyuJit,Default,X64,8c5e7fda-e8bf-4a96-9a85-a6e23a8c635c,.NET 10.0,False,True,False,True,Default,Default,False,False,False,Default,Default,Default,Default,Default,Default,Default,1,5,Default,1,Default,Default,Default,Default,Default,Throughput,1,1,4,313.4 μs,409.4 μs,106.32 μs,,,269.0 μs,,,,HartsyInference.GpuBenchmarks.RmsNormGpuBenchmarks
Sdpa_F32,Job-DGGSIS,False,Default,Default,Default,Default,Default,Default,1111111111111111,Empty,RyuJit,Default,X64,8c5e7fda-e8bf-4a96-9a85-a6e23a8c635c,.NET 10.0,False,True,False,True,Default,Default,False,False,False,Default,Default,Default,Default,Default,Default,Default,1,5,Default,1,Default,Default,Default,Default,Default,Throughput,1,1,0,"1,708.6 μs",164.40 μs,25.44 μs,,,,,,,HartsyInference.GpuBenchmarks.SdpaGpuBenchmarks
Sdpa_F16,Job-DGGSIS,False,Default,Default,Default,Default,Default,Default,1111111111111111,Empty,RyuJit,Default,X64,8c5e7fda-e8bf-4a96-9a85-a6e23a8c635c,.NET 10.0,False,True,False,True,Default,Default,False,False,False,Default,Default,Default,Default,Default,Default,Default,1,5,Default,1,Default,Default,Default,Default,Default,Throughput,1,1,0,568.3 μs,103.55 μs,26.89 μs,,,,,,,HartsyInference.GpuBenchmarks.SdpaGpuBenchmarks
Sdpa_SageInt8,Job-DGGSIS,False,Default,Default,Default,Default,Default,Default,1111111111111111,Empty,RyuJit,Default,X64,8c5e7fda-e8bf-4a96-9a85-a6e23a8c635c,.NET 10.0,False,True,False,True,Default,Default,False,False,False,Default,Default,Default,Default,Default,Default,Default,1,5,Default,1,Default,Default,Default,Default,Default,Throughput,1,1,0,"1,679.8 μs",107.18 μs,16.59 μs,,,,,,,HartsyInference.GpuBenchmarks.SdpaGpuBenchmarks
Sdpa_F32,Job-DGGSIS,False,Default,Default,Default,Default,Default,Default,1111111111111111,Empty,RyuJit,Default,X64,8c5e7fda-e8bf-4a96-9a85-a6e23a8c635c,.NET 10.0,False,True,False,True,Default,Default,False,False,False,Default,Default,Default,Default,Default,Default,Default,1,5,Default,1,Default,Default,Default,Default,Default,Throughput,1,1,1,"25,531.7 μs",561.85 μs,86.95 μs,,,,,,,HartsyInference.GpuBenchmarks.SdpaGpuBenchmarks
Sdpa_F16,Job-DGGSIS,False,Default,Default,Default,Default,Default,Default,1111111111111111,Empty,RyuJit,Default,X64,8c5e7fda-e8bf-4a96-9a85-a6e23a8c635c,.NET 10.0,False,True,False,True,Default,Default,False,False,False,Default,Default,Default,Default,Default,Default,Default,1,5,Default,1,Default,Default,Default,Default,Default,Throughput,1,1,1,"6,208.0 μs",239.55 μs,37.07 μs,,,,,,,HartsyInference.GpuBenchmarks.SdpaGpuBenchmarks
Sdpa_SageInt8,Job-DGGSIS,False,Default,Default,Default,Default,Default,Default,1111111111111111,Empty,RyuJit,Default,X64,8c5e7fda-e8bf-4a96-9a85-a6e23a8c635c,.NET 10.0,False,True,False,True,Default,Default,False,False,False,Default,Default,Default,Default,Default,Default,Default,1,5,Default,1,Default,Default,Default,Default,Default,Throughput,1,1,1,"25,216.8 μs","2,565.74 μs",397.05 μs,,,,,,,HartsyInference.GpuBenchmarks.SdpaGpuBenchmarks
Sdpa_F32,Job-DGGSIS,False,Default,Default,Default,Default,Default,Default,1111111111111111,Empty,RyuJit,Default,X64,8c5e7fda-e8bf-4a96-9a85-a6e23a8c635c,.NET 10.0,False,True,False,True,Default,Default,False,False,False,Default,Default,Default,Default,Default,Default,Default,1,5,Default,1,Default,Default,Default,Default,Default,Throughput,1,1,2,"2,238.3 μs",347.48 μs,53.77 μs,,,,,,,HartsyInference.GpuBenchmarks.SdpaGpuBenchmarks
Sdpa_F16,Job-DGGSIS,False,Default,Default,Default,Default,Default,Default,1111111111111111,Empty,RyuJit,Default,X64,8c5e7fda-e8bf-4a96-9a85-a6e23a8c635c,.NET 10.0,False,True,False,True,Default,Default,False,False,False,Default,Default,Default,Default,Default,Default,Default,1,5,Default,1,Default,Default,Default,Default,Default,Throughput,1,1,2,709.3 μs,779.30 μs,202.38 μs,,,,,,,HartsyInference.GpuBenchmarks.SdpaGpuBenchmarks
Sdpa_SageInt8,Job-DGGSIS,False,Default,Default,Default,Default,Default,Default,1111111111111111,Empty,RyuJit,Default,X64,8c5e7fda-e8bf-4a96-9a85-a6e23a8c635c,.NET 10.0,False,True,False,True,Default,Default,False,False,False,Default,Default,Default,Default,Default,Default,Default,1,5,Default,1,Default,Default,Default,Default,Default,Throughput,1,1,2,"4,510.7 μs","9,689.36 μs","2,516.30 μs",,,,,,,HartsyInference.GpuBenchmarks.SdpaGpuBenchmarks
Sdpa_F32,Job-DGGSIS,False,Default,Default,Default,Default,Default,Default,1111111111111111,Empty,RyuJit,Default,X64,8c5e7fda-e8bf-4a96-9a85-a6e23a8c635c,.NET 10.0,False,True,False,True,Default,Default,False,False,False,Default,Default,Default,Default,Default,Default,Default,1,5,Default,1,Default,Default,Default,Default,Default,Throughput,1,1,3,"3,745.8 μs",108.24 μs,16.75 μs,,,,,,,HartsyInference.GpuBenchmarks.SdpaGpuBenchmarks
Sdpa_F16,Job-DGGSIS,False,Default,Default,Default,Default,Default,Default,1111111111111111,Empty,RyuJit,Default,X64,8c5e7fda-e8bf-4a96-9a85-a6e23a8c635c,.NET 10.0,False,True,False,True,Default,Default,False,False,False,Default,Default,Default,Default,Default,Default,Default,1,5,Default,1,Default,Default,Default,Default,Default,Throughput,1,1,3,853.6 μs,47.33 μs,7.32 μs,,,,,,,HartsyInference.GpuBenchmarks.SdpaGpuBenchmarks
Sdpa_SageInt8,Job-DGGSIS,False,Default,Default,Default,Default,Default,Default,1111111111111111,Empty,RyuJit,Default,X64,8c5e7fda-e8bf-4a96-9a85-a6e23a8c635c,.NET 10.0,False,True,False,True,Default,Default,False,False,False,Default,Default,Default,Default,Default,Default,Default,1,5,Default,1,Default,Default,Default,Default,Default,Throughput,1,1,3,759.6 μs,48.39 μs,12.57 μs,,,,,,,HartsyInference.GpuBenchmarks.SdpaGpuBenchmarks
Sdpa_F32,Job-DGGSIS,False,Default,Default,Default,Default,Default,Default,1111111111111111,Empty,RyuJit,Default,X64,8c5e7fda-e8bf-4a96-9a85-a6e23a8c635c,.NET 10.0,False,True,False,True,Default,Default,False,False,False,Default,Default,Default,Default,Default,Default,Default,1,5,Default,1,Default,Default,Default,Default,Default,Throughput,1,1,4,"3,994.0 μs",247.24 μs,64.21 μs,,,,,,,HartsyInference.GpuBenchmarks.SdpaGpuBenchmarks
Sdpa_F16,Job-DGGSIS,False,Default,Default,Default,Default,Default,Default,1111111111111111,Empty,RyuJit,Default,X64,8c5e7fda-e8bf-4a96-9a85-a6e23a8c635c,.NET 10.0,False,True,False,True,Default,Default,False,False,False,Default,Default,Default,Default,Default,Default,Default,1,5,Default,1,Default,Default,Default,Default,Default,Throughput,1,1,4,"1,106.5 μs",316.98 μs,49.05 μs,,,,,,,HartsyInference.GpuBenchmarks.SdpaGpuBenchmarks
Sdpa_SageInt8,Job-DGGSIS,False,Default,Default,Default,Default,Default,Default,1111111111111111,Empty,RyuJit,Default,X64,8c5e7fda-e8bf-4a96-9a85-a6e23a8c635c,.NET 10.0,False,True,False,True,Default,Default,False,False,False,Default,Default,Default,Default,Default,Default,Default,1,5,Default,1,Default,Default,Default,Default,Default,Throughput,1,1,4,"1,328.9 μs",800.83 μs,123.93 μs,,,,,,,HartsyInference.GpuBenchmarks.SdpaGpuBenchmarks
Sdpa_F32,Job-DGGSIS,False,Default,Default,Default,Default,Default,Default,1111111111111111,Empty,RyuJit,Default,X64,8c5e7fda-e8bf-4a96-9a85-a6e23a8c635c,.NET 10.0,False,True,False,True,Default,Default,False,False,False,Default,Default,Default,Default,Default,Default,Default,1,5,Default,1,Default,Default,Default,Default,Default,Throughput,1,1,5,"3,951.4 μs",270.91 μs,70.35 μs,,,,,,,HartsyInference.GpuBenchmarks.SdpaGpuBenchmarks
Sdpa_F16,Job-DGGSIS,False,Default,Default,Default,Default,Default,Default,1111111111111111,Empty,RyuJit,Default,X64,8c5e7fda-e8bf-4a96-9a85-a6e23a8c635c,.NET 10.0,False,True,False,True,Default,Default,False,False,False,Default,Default,Default,Default,Default,Default,Default,1,5,Default,1,Default,Default,Default,Default,Default,Throughput,1,1,5,"1,023.2 μs",218.90 μs,33.87 μs,,,,,,,HartsyInference.GpuBenchmarks.SdpaGpuBenchmarks
Sdpa_SageInt8,Job-DGGSIS,False,Default,Default,Default,Default,Default,Default,1111111111111111,Empty,RyuJit,Default,X64,8c5e7fda-e8bf-4a96-9a85-a6e23a8c635c,.NET 10.0,False,True,False,True,Default,Default,False,False,False,Default,Default,Default,Default,Default,Default,Default,1,5,Default,1,Default,Default,Default,Default,Default,Throughput,1,1,5,"1,277.4 μs",281.00 μs,43.49 μs,,,,,,,HartsyInference.GpuBenchmarks.SdpaGpuBenchmarks
Sdpa_F32,Job-DGGSIS,False,Default,Default,Default,Default,Default,Default,1111111111111111,Empty,RyuJit,Default,X64,8c5e7fda-e8bf-4a96-9a85-a6e23a8c635c,.NET 10.0,False,True,False,True,Default,Default,False,False,False,Default,Default,Default,Default,Default,Default,Default,1,5,Default,1,Default,Default,Default,Default,Default,Throughput,1,1,6,"2,541.6 μs",69.10 μs,17.94 μs,,,,,,,HartsyInference.GpuBenchmarks.SdpaGpuBenchmarks
Sdpa_F16,Job-DGGSIS,False,Default,Default,Default,Default,Default,Default,1111111111111111,Empty,RyuJit,Default,X64,8c5e7fda-e8bf-4a96-9a85-a6e23a8c635c,.NET 10.0,False,True,False,True,Default,Default,False,False,False,Default,Default,Default,Default,Default,Default,Default,1,5,Default,1,Default,Default,Default,Default,Default,Throughput,1,1,6,685.5 μs,167.02 μs,43.38 μs,,,,,,,HartsyInference.GpuBenchmarks.SdpaGpuBenchmarks
Sdpa_SageInt8,Job-DGGSIS,False,Default,Default,Default,Default,Default,Default,1111111111111111,Empty,RyuJit,Default,X64,8c5e7fda-e8bf-4a96-9a85-a6e23a8c635c,.NET 10.0,False,True,False,True,Default,Default,False,False,False,Default,Default,Default,Default,Default,Default,Default,1,5,Default,1,Default,Default,Default,Default,Default,Throughput,1,1,6,"2,512.8 μs",217.14 μs,33.60 μs,,,,,,,HartsyInference.GpuBenchmarks.SdpaGpuBenchmarks
Sdpa_F32,Job-DGGSIS,False,Default,Default,Default,Default,Default,Default,1111111111111111,Empty,RyuJit,Default,X64,8c5e7fda-e8bf-4a96-9a85-a6e23a8c635c,.NET 10.0,False,True,False,True,Default,Default,False,False,False,Default,Default,Default,Default,Default,Default,Default,1,5,Default,1,Default,Default,Default,Default,Default,Throughput,1,1,7,"2,065.2 μs",640.56 μs,99.13 μs,,,,,,,HartsyInference.GpuBenchmarks.SdpaGpuBenchmarks
Sdpa_F16,Job-DGGSIS,False,Default,Default,Default,Default,Default,Default,1111111111111111,Empty,RyuJit,Default,X64,8c5e7fda-e8bf-4a96-9a85-a6e23a8c635c,.NET 10.0,False,True,False,True,Default,Default,False,False,False,Default,Default,Default,Default,Default,Default,Default,1,5,Default,1,Default,Default,Default,Default,Default,Throughput,1,1,7,411.4 μs,530.70 μs,137.82 μs,,,,,,,HartsyInference.GpuBenchmarks.SdpaGpuBenchmarks
Sdpa_SageInt8,Job-DGGSIS,False,Default,Default,Default,Default,Default,Default,1111111111111111,Empty,RyuJit,Default,X64,8c5e7fda-e8bf-4a96-9a85-a6e23a8c635c,.NET 10.0,False,True,False,True,Default,Default,False,False,False,Default,Default,Default,Default,Default,Default,Default,1,5,Default,1,Default,Default,Default,Default,Default,Throughput,1,1,7,"2,062.2 μs",249.37 μs,64.76 μs,,,,,,,HartsyInference.GpuBenchmarks.SdpaGpuBenchmarks
Sdpa_F32,Job-DGGSIS,False,Default,Default,Default,Default,Default,Default,1111111111111111,Empty,RyuJit,Default,X64,8c5e7fda-e8bf-4a96-9a85-a6e23a8c635c,.NET 10.0,False,True,False,True,Default,Default,False,False,False,Default,Default,Default,Default,Default,Default,Default,1,5,Default,1,Default,Default,Default,Default,Default,Throughput,1,1,8,"917,730.7 μs","7,209.85 μs","1,872.37 μs",,,,,,,HartsyInference.GpuBenchmarks.SdpaGpuBenchmarks
Sdpa_F16,Job-DGGSIS,False,Default,Default,Default,Default,Default,Default,1111111111111111,Empty,RyuJit,Default,X64,8c5e7fda-e8bf-4a96-9a85-a6e23a8c635c,.NET 10.0,False,True,False,True,Default,Default,False,False,False,Default,Default,Default,Default,Default,Default,Default,1,5,Default,1,Default,Default,Default,Default,Default,Throughput,1,1,8,"130,377.6 μs","3,013.66 μs",466.37 μs,,,,,,,HartsyInference.GpuBenchmarks.SdpaGpuBenchmarks
Sdpa_SageInt8,Job-DGGSIS,False,Default,Default,Default,Default,Default,Default,1111111111111111,Empty,RyuJit,Default,X64,8c5e7fda-e8bf-4a96-9a85-a6e23a8c635c,.NET 10.0,False,True,False,True,Default,Default,False,False,False,Default,Default,Default,Default,Default,Default,Default,1,5,Default,1,Default,Default,Default,Default,Default,Throughput,1,1,8,"129,966.3 μs","3,810.84 μs",589.73 μs,,,,,,,HartsyInference.GpuBenchmarks.SdpaGpuBenchmarks
