Method,Job,AnalyzeLaunchVariance,EvaluateOverhead,MaxAbsoluteError,MaxRelativeError,MinInvokeCount,MinIterationTime,OutlierMode,Affinity,EnvironmentVariables,Jit,LargeAddressAware,Platform,PowerPlanMode,Runtime,AllowVeryLargeObjects,Concurrent,CpuGroups,Force,HeapAffinitizeMask,HeapCount,NoAffinitize,RetainVm,Server,Arguments,BuildConfiguration,Clock,EngineFactory,NuGetReferences,Toolchain,IsMutator,InvocationCount,IterationCount,IterationTime,LaunchCount,MaxIterationCount,MaxWarmupIterationCount,MemoryRandomization,MinIterationCount,MinWarmupIterationCount,RunStrategy,UnrollFactor,WarmupCount,ShapeIndex,Mean,Error,StdDev,Median
MatMul_F32,Job-DGGSIS,False,Default,Default,Default,Default,Default,Default,1111111111111111,Empty,RyuJit,Default,X64,8c5e7fda-e8bf-4a96-9a85-a6e23a8c635c,.NET 10.0,False,True,False,True,Default,Default,False,False,False,Default,Default,Default,Default,Default,Default,Default,1,5,Default,1,Default,Default,Default,Default,Default,Throughput,1,1,0,"1,376.4 μs",411.80 μs,106.94 μs,"1,418.6 μs"
MatMul_F16,Job-DGGSIS,False,Default,Default,Default,Default,Default,Default,1111111111111111,Empty,RyuJit,Default,X64,8c5e7fda-e8bf-4a96-9a85-a6e23a8c635c,.NET 10.0,False,True,False,True,Default,Default,False,False,False,Default,Default,Default,Default,Default,Default,Default,1,5,Default,1,Default,Default,Default,Default,Default,Throughput,1,1,0,837.9 μs,733.22 μs,190.42 μs,719.9 μs
Linear_F16_Bias,Job-DGGSIS,False,Default,Default,Default,Default,Default,Default,1111111111111111,Empty,RyuJit,Default,X64,8c5e7fda-e8bf-4a96-9a85-a6e23a8c635c,.NET 10.0,False,True,False,True,Default,Default,False,False,False,Default,Default,Default,Default,Default,Default,Default,1,5,Default,1,Default,Default,Default,Default,Default,Throughput,1,1,0,876.6 μs,538.30 μs,139.79 μs,802.6 μs
Linear_FP8_Native,Job-DGGSIS,False,Default,Default,Default,Default,Default,Default,1111111111111111,Empty,RyuJit,Default,X64,8c5e7fda-e8bf-4a96-9a85-a6e23a8c635c,.NET 10.0,False,True,False,True,Default,Default,False,False,False,Default,Default,Default,Default,Default,Default,Default,1,5,Default,1,Default,Default,Default,Default,Default,Throughput,1,1,0,798.5 μs,78.68 μs,12.18 μs,800.8 μs
MatMul_F32,Job-DGGSIS,False,Default,Default,Default,Default,Default,Default,1111111111111111,Empty,RyuJit,Default,X64,8c5e7fda-e8bf-4a96-9a85-a6e23a8c635c,.NET 10.0,False,True,False,True,Default,Default,False,False,False,Default,Default,Default,Default,Default,Default,Default,1,5,Default,1,Default,Default,Default,Default,Default,Throughput,1,1,1,"1,398.1 μs",388.79 μs,100.97 μs,"1,438.8 μs"
MatMul_F16,Job-DGGSIS,False,Default,Default,Default,Default,Default,Default,1111111111111111,Empty,RyuJit,Default,X64,8c5e7fda-e8bf-4a96-9a85-a6e23a8c635c,.NET 10.0,False,True,False,True,Default,Default,False,False,False,Default,Default,Default,Default,Default,Default,Default,1,5,Default,1,Default,Default,Default,Default,Default,Throughput,1,1,1,747.6 μs,498.20 μs,129.38 μs,659.9 μs
Linear_F16_Bias,Job-DGGSIS,False,Default,Default,Default,Default,Default,Default,1111111111111111,Empty,RyuJit,Default,X64,8c5e7fda-e8bf-4a96-9a85-a6e23a8c635c,.NET 10.0,False,True,False,True,Default,Default,False,False,False,Default,Default,Default,Default,Default,Default,Default,1,5,Default,1,Default,Default,Default,Default,Default,Throughput,1,1,1,857.7 μs,470.43 μs,122.17 μs,784.4 μs
Linear_FP8_Native,Job-DGGSIS,False,Default,Default,Default,Default,Default,Default,1111111111111111,Empty,RyuJit,Default,X64,8c5e7fda-e8bf-4a96-9a85-a6e23a8c635c,.NET 10.0,False,True,False,True,Default,Default,False,False,False,Default,Default,Default,Default,Default,Default,Default,1,5,Default,1,Default,Default,Default,Default,Default,Throughput,1,1,1,809.4 μs,163.07 μs,25.23 μs,813.2 μs
MatMul_F32,Job-DGGSIS,False,Default,Default,Default,Default,Default,Default,1111111111111111,Empty,RyuJit,Default,X64,8c5e7fda-e8bf-4a96-9a85-a6e23a8c635c,.NET 10.0,False,True,False,True,Default,Default,False,False,False,Default,Default,Default,Default,Default,Default,Default,1,5,Default,1,Default,Default,Default,Default,Default,Throughput,1,1,2,"9,377.9 μs",714.41 μs,110.56 μs,"9,336.6 μs"
MatMul_F16,Job-DGGSIS,False,Default,Default,Default,Default,Default,Default,1111111111111111,Empty,RyuJit,Default,X64,8c5e7fda-e8bf-4a96-9a85-a6e23a8c635c,.NET 10.0,False,True,False,True,Default,Default,False,False,False,Default,Default,Default,Default,Default,Default,Default,1,5,Default,1,Default,Default,Default,Default,Default,Throughput,1,1,2,"4,962.7 μs","1,901.19 μs",294.21 μs,"4,830.8 μs"
Linear_F16_Bias,Job-DGGSIS,False,Default,Default,Default,Default,Default,Default,1111111111111111,Empty,RyuJit,Default,X64,8c5e7fda-e8bf-4a96-9a85-a6e23a8c635c,.NET 10.0,False,True,False,True,Default,Default,False,False,False,Default,Default,Default,Default,Default,Default,Default,1,5,Default,1,Default,Default,Default,Default,Default,Throughput,1,1,2,"5,277.7 μs","2,110.59 μs",548.11 μs,"4,930.0 μs"
Linear_FP8_Native,Job-DGGSIS,False,Default,Default,Default,Default,Default,Default,1111111111111111,Empty,RyuJit,Default,X64,8c5e7fda-e8bf-4a96-9a85-a6e23a8c635c,.NET 10.0,False,True,False,True,Default,Default,False,False,False,Default,Default,Default,Default,Default,Default,Default,1,5,Default,1,Default,Default,Default,Default,Default,Throughput,1,1,2,"5,488.6 μs","2,400.64 μs",371.50 μs,"5,619.1 μs"
MatMul_F32,Job-DGGSIS,False,Default,Default,Default,Default,Default,Default,1111111111111111,Empty,RyuJit,Default,X64,8c5e7fda-e8bf-4a96-9a85-a6e23a8c635c,.NET 10.0,False,True,False,True,Default,Default,False,False,False,Default,Default,Default,Default,Default,Default,Default,1,5,Default,1,Default,Default,Default,Default,Default,Throughput,1,1,3,"4,645.8 μs",138.49 μs,21.43 μs,"4,644.1 μs"
MatMul_F16,Job-DGGSIS,False,Default,Default,Default,Default,Default,Default,1111111111111111,Empty,RyuJit,Default,X64,8c5e7fda-e8bf-4a96-9a85-a6e23a8c635c,.NET 10.0,False,True,False,True,Default,Default,False,False,False,Default,Default,Default,Default,Default,Default,Default,1,5,Default,1,Default,Default,Default,Default,Default,Throughput,1,1,3,"2,401.3 μs",179.19 μs,27.73 μs,"2,391.4 μs"
Linear_F16_Bias,Job-DGGSIS,False,Default,Default,Default,Default,Default,Default,1111111111111111,Empty,RyuJit,Default,X64,8c5e7fda-e8bf-4a96-9a85-a6e23a8c635c,.NET 10.0,False,True,False,True,Default,Default,False,False,False,Default,Default,Default,Default,Default,Default,Default,1,5,Default,1,Default,Default,Default,Default,Default,Throughput,1,1,3,"4,008.5 μs","6,003.83 μs",929.10 μs,"4,424.4 μs"
Linear_FP8_Native,Job-DGGSIS,False,Default,Default,Default,Default,Default,Default,1111111111111111,Empty,RyuJit,Default,X64,8c5e7fda-e8bf-4a96-9a85-a6e23a8c635c,.NET 10.0,False,True,False,True,Default,Default,False,False,False,Default,Default,Default,Default,Default,Default,Default,1,5,Default,1,Default,Default,Default,Default,Default,Throughput,1,1,3,"3,184.9 μs","2,704.01 μs",418.45 μs,"3,276.1 μs"
MatMul_F32,Job-DGGSIS,False,Default,Default,Default,Default,Default,Default,1111111111111111,Empty,RyuJit,Default,X64,8c5e7fda-e8bf-4a96-9a85-a6e23a8c635c,.NET 10.0,False,True,False,True,Default,Default,False,False,False,Default,Default,Default,Default,Default,Default,Default,1,5,Default,1,Default,Default,Default,Default,Default,Throughput,1,1,4,"5,568.0 μs","2,297.64 μs",355.56 μs,"5,609.6 μs"
MatMul_F16,Job-DGGSIS,False,Default,Default,Default,Default,Default,Default,1111111111111111,Empty,RyuJit,Default,X64,8c5e7fda-e8bf-4a96-9a85-a6e23a8c635c,.NET 10.0,False,True,False,True,Default,Default,False,False,False,Default,Default,Default,Default,Default,Default,Default,1,5,Default,1,Default,Default,Default,Default,Default,Throughput,1,1,4,"4,018.0 μs","5,383.12 μs","1,397.98 μs","3,094.3 μs"
Linear_F16_Bias,Job-DGGSIS,False,Default,Default,Default,Default,Default,Default,1111111111111111,Empty,RyuJit,Default,X64,8c5e7fda-e8bf-4a96-9a85-a6e23a8c635c,.NET 10.0,False,True,False,True,Default,Default,False,False,False,Default,Default,Default,Default,Default,Default,Default,1,5,Default,1,Default,Default,Default,Default,Default,Throughput,1,1,4,"2,840.6 μs",478.40 μs,124.24 μs,"2,759.4 μs"
Linear_FP8_Native,Job-DGGSIS,False,Default,Default,Default,Default,Default,Default,1111111111111111,Empty,RyuJit,Default,X64,8c5e7fda-e8bf-4a96-9a85-a6e23a8c635c,.NET 10.0,False,True,False,True,Default,Default,False,False,False,Default,Default,Default,Default,Default,Default,Default,1,5,Default,1,Default,Default,Default,Default,Default,Throughput,1,1,4,"4,923.0 μs","3,554.01 μs",922.97 μs,"4,694.6 μs"
MatMul_F32,Job-DGGSIS,False,Default,Default,Default,Default,Default,Default,1111111111111111,Empty,RyuJit,Default,X64,8c5e7fda-e8bf-4a96-9a85-a6e23a8c635c,.NET 10.0,False,True,False,True,Default,Default,False,False,False,Default,Default,Default,Default,Default,Default,Default,1,5,Default,1,Default,Default,Default,Default,Default,Throughput,1,1,5,"6,993.1 μs","1,511.61 μs",392.56 μs,"7,009.9 μs"
MatMul_F16,Job-DGGSIS,False,Default,Default,Default,Default,Default,Default,1111111111111111,Empty,RyuJit,Default,X64,8c5e7fda-e8bf-4a96-9a85-a6e23a8c635c,.NET 10.0,False,True,False,True,Default,Default,False,False,False,Default,Default,Default,Default,Default,Default,Default,1,5,Default,1,Default,Default,Default,Default,Default,Throughput,1,1,5,"3,800.3 μs",440.21 μs,114.32 μs,"3,755.0 μs"
Linear_F16_Bias,Job-DGGSIS,False,Default,Default,Default,Default,Default,Default,1111111111111111,Empty,RyuJit,Default,X64,8c5e7fda-e8bf-4a96-9a85-a6e23a8c635c,.NET 10.0,False,True,False,True,Default,Default,False,False,False,Default,Default,Default,Default,Default,Default,Default,1,5,Default,1,Default,Default,Default,Default,Default,Throughput,1,1,5,"3,750.8 μs",722.32 μs,187.59 μs,"3,660.8 μs"
Linear_FP8_Native,Job-DGGSIS,False,Default,Default,Default,Default,Default,Default,1111111111111111,Empty,RyuJit,Default,X64,8c5e7fda-e8bf-4a96-9a85-a6e23a8c635c,.NET 10.0,False,True,False,True,Default,Default,False,False,False,Default,Default,Default,Default,Default,Default,Default,1,5,Default,1,Default,Default,Default,Default,Default,Throughput,1,1,5,"3,698.5 μs",410.72 μs,106.66 μs,"3,743.3 μs"
MatMul_F32,Job-DGGSIS,False,Default,Default,Default,Default,Default,Default,1111111111111111,Empty,RyuJit,Default,X64,8c5e7fda-e8bf-4a96-9a85-a6e23a8c635c,.NET 10.0,False,True,False,True,Default,Default,False,False,False,Default,Default,Default,Default,Default,Default,Default,1,5,Default,1,Default,Default,Default,Default,Default,Throughput,1,1,6,"1,525.5 μs",480.08 μs,124.68 μs,"1,601.3 μs"
MatMul_F16,Job-DGGSIS,False,Default,Default,Default,Default,Default,Default,1111111111111111,Empty,RyuJit,Default,X64,8c5e7fda-e8bf-4a96-9a85-a6e23a8c635c,.NET 10.0,False,True,False,True,Default,Default,False,False,False,Default,Default,Default,Default,Default,Default,Default,1,5,Default,1,Default,Default,Default,Default,Default,Throughput,1,1,6,957.7 μs,440.60 μs,114.42 μs,963.8 μs
Linear_F16_Bias,Job-DGGSIS,False,Default,Default,Default,Default,Default,Default,1111111111111111,Empty,RyuJit,Default,X64,8c5e7fda-e8bf-4a96-9a85-a6e23a8c635c,.NET 10.0,False,True,False,True,Default,Default,False,False,False,Default,Default,Default,Default,Default,Default,Default,1,5,Default,1,Default,Default,Default,Default,Default,Throughput,1,1,6,912.9 μs,526.68 μs,136.78 μs,951.0 μs
Linear_FP8_Native,Job-DGGSIS,False,Default,Default,Default,Default,Default,Default,1111111111111111,Empty,RyuJit,Default,X64,8c5e7fda-e8bf-4a96-9a85-a6e23a8c635c,.NET 10.0,False,True,False,True,Default,Default,False,False,False,Default,Default,Default,Default,Default,Default,Default,1,5,Default,1,Default,Default,Default,Default,Default,Throughput,1,1,6,832.9 μs,104.19 μs,16.12 μs,837.2 μs
MatMul_F32,Job-DGGSIS,False,Default,Default,Default,Default,Default,Default,1111111111111111,Empty,RyuJit,Default,X64,8c5e7fda-e8bf-4a96-9a85-a6e23a8c635c,.NET 10.0,False,True,False,True,Default,Default,False,False,False,Default,Default,Default,Default,Default,Default,Default,1,5,Default,1,Default,Default,Default,Default,Default,Throughput,1,1,7,"7,455.7 μs",654.27 μs,101.25 μs,"7,416.3 μs"
MatMul_F16,Job-DGGSIS,False,Default,Default,Default,Default,Default,Default,1111111111111111,Empty,RyuJit,Default,X64,8c5e7fda-e8bf-4a96-9a85-a6e23a8c635c,.NET 10.0,False,True,False,True,Default,Default,False,False,False,Default,Default,Default,Default,Default,Default,Default,1,5,Default,1,Default,Default,Default,Default,Default,Throughput,1,1,7,"4,620.7 μs","1,033.75 μs",268.46 μs,"4,497.6 μs"
Linear_F16_Bias,Job-DGGSIS,False,Default,Default,Default,Default,Default,Default,1111111111111111,Empty,RyuJit,Default,X64,8c5e7fda-e8bf-4a96-9a85-a6e23a8c635c,.NET 10.0,False,True,False,True,Default,Default,False,False,False,Default,Default,Default,Default,Default,Default,Default,1,5,Default,1,Default,Default,Default,Default,Default,Throughput,1,1,7,"5,261.8 μs","3,097.91 μs",804.52 μs,"5,534.4 μs"
Linear_FP8_Native,Job-DGGSIS,False,Default,Default,Default,Default,Default,Default,1111111111111111,Empty,RyuJit,Default,X64,8c5e7fda-e8bf-4a96-9a85-a6e23a8c635c,.NET 10.0,False,True,False,True,Default,Default,False,False,False,Default,Default,Default,Default,Default,Default,Default,1,5,Default,1,Default,Default,Default,Default,Default,Throughput,1,1,7,"4,298.4 μs",507.45 μs,131.78 μs,"4,211.0 μs"
MatMul_F32,Job-DGGSIS,False,Default,Default,Default,Default,Default,Default,1111111111111111,Empty,RyuJit,Default,X64,8c5e7fda-e8bf-4a96-9a85-a6e23a8c635c,.NET 10.0,False,True,False,True,Default,Default,False,False,False,Default,Default,Default,Default,Default,Default,Default,1,5,Default,1,Default,Default,Default,Default,Default,Throughput,1,1,8,"3,087.1 μs",467.01 μs,121.28 μs,"3,139.2 μs"
MatMul_F16,Job-DGGSIS,False,Default,Default,Default,Default,Default,Default,1111111111111111,Empty,RyuJit,Default,X64,8c5e7fda-e8bf-4a96-9a85-a6e23a8c635c,.NET 10.0,False,True,False,True,Default,Default,False,False,False,Default,Default,Default,Default,Default,Default,Default,1,5,Default,1,Default,Default,Default,Default,Default,Throughput,1,1,8,"1,824.1 μs",448.39 μs,116.44 μs,"1,743.3 μs"
Linear_F16_Bias,Job-DGGSIS,False,Default,Default,Default,Default,Default,Default,1111111111111111,Empty,RyuJit,Default,X64,8c5e7fda-e8bf-4a96-9a85-a6e23a8c635c,.NET 10.0,False,True,False,True,Default,Default,False,False,False,Default,Default,Default,Default,Default,Default,Default,1,5,Default,1,Default,Default,Default,Default,Default,Throughput,1,1,8,"1,755.4 μs",461.89 μs,119.95 μs,"1,696.3 μs"
Linear_FP8_Native,Job-DGGSIS,False,Default,Default,Default,Default,Default,Default,1111111111111111,Empty,RyuJit,Default,X64,8c5e7fda-e8bf-4a96-9a85-a6e23a8c635c,.NET 10.0,False,True,False,True,Default,Default,False,False,False,Default,Default,Default,Default,Default,Default,Default,1,5,Default,1,Default,Default,Default,Default,Default,Throughput,1,1,8,"1,812.5 μs",597.87 μs,155.27 μs,"1,714.9 μs"
MatMul_F32,Job-DGGSIS,False,Default,Default,Default,Default,Default,Default,1111111111111111,Empty,RyuJit,Default,X64,8c5e7fda-e8bf-4a96-9a85-a6e23a8c635c,.NET 10.0,False,True,False,True,Default,Default,False,False,False,Default,Default,Default,Default,Default,Default,Default,1,5,Default,1,Default,Default,Default,Default,Default,Throughput,1,1,9,"5,142.6 μs",567.77 μs,147.45 μs,"5,215.6 μs"
MatMul_F16,Job-DGGSIS,False,Default,Default,Default,Default,Default,Default,1111111111111111,Empty,RyuJit,Default,X64,8c5e7fda-e8bf-4a96-9a85-a6e23a8c635c,.NET 10.0,False,True,False,True,Default,Default,False,False,False,Default,Default,Default,Default,Default,Default,Default,1,5,Default,1,Default,Default,Default,Default,Default,Throughput,1,1,9,"2,962.2 μs",868.79 μs,225.62 μs,"2,823.1 μs"
Linear_F16_Bias,Job-DGGSIS,False,Default,Default,Default,Default,Default,Default,1111111111111111,Empty,RyuJit,Default,X64,8c5e7fda-e8bf-4a96-9a85-a6e23a8c635c,.NET 10.0,False,True,False,True,Default,Default,False,False,False,Default,Default,Default,Default,Default,Default,Default,1,5,Default,1,Default,Default,Default,Default,Default,Throughput,1,1,9,"2,825.1 μs",446.04 μs,115.84 μs,"2,758.2 μs"
Linear_FP8_Native,Job-DGGSIS,False,Default,Default,Default,Default,Default,Default,1111111111111111,Empty,RyuJit,Default,X64,8c5e7fda-e8bf-4a96-9a85-a6e23a8c635c,.NET 10.0,False,True,False,True,Default,Default,False,False,False,Default,Default,Default,Default,Default,Default,Default,1,5,Default,1,Default,Default,Default,Default,Default,Throughput,1,1,9,"2,813.4 μs",470.08 μs,122.08 μs,"2,768.9 μs"
