Method,Job,AnalyzeLaunchVariance,EvaluateOverhead,MaxAbsoluteError,MaxRelativeError,MinInvokeCount,MinIterationTime,OutlierMode,Affinity,EnvironmentVariables,Jit,LargeAddressAware,Platform,PowerPlanMode,Runtime,AllowVeryLargeObjects,Concurrent,CpuGroups,Force,HeapAffinitizeMask,HeapCount,NoAffinitize,RetainVm,Server,Arguments,BuildConfiguration,Clock,EngineFactory,NuGetReferences,Toolchain,IsMutator,InvocationCount,IterationCount,IterationTime,LaunchCount,MaxIterationCount,MaxWarmupIterationCount,MemoryRandomization,MinIterationCount,MinWarmupIterationCount,RunStrategy,UnrollFactor,WarmupCount,ShapeIndex,Mean,Error,StdDev,SizeIndex,_BenchClass
Conv2D_F32,Job-FXWCEQ,False,Default,Default,Default,Default,Default,Default,1111111111111111,Empty,RyuJit,Default,X64,8c5e7fda-e8bf-4a96-9a85-a6e23a8c635c,.NET 10.0,False,True,False,True,Default,Default,False,False,False,Default,Default,Default,Default,Default,Default,Default,1,5,Default,1,Default,Default,Default,Default,Default,Throughput,1,1,0,7.465 ms,1.8757 ms,0.2903 ms,,HartsyInference.GpuBenchmarks.Conv2DGpuBenchmarks
Conv2D_F32,Job-FXWCEQ,False,Default,Default,Default,Default,Default,Default,1111111111111111,Empty,RyuJit,Default,X64,8c5e7fda-e8bf-4a96-9a85-a6e23a8c635c,.NET 10.0,False,True,False,True,Default,Default,False,False,False,Default,Default,Default,Default,Default,Default,Default,1,5,Default,1,Default,Default,Default,Default,Default,Throughput,1,1,1,5.204 ms,2.1474 ms,0.3323 ms,,HartsyInference.GpuBenchmarks.Conv2DGpuBenchmarks
Conv2D_F32,Job-FXWCEQ,False,Default,Default,Default,Default,Default,Default,1111111111111111,Empty,RyuJit,Default,X64,8c5e7fda-e8bf-4a96-9a85-a6e23a8c635c,.NET 10.0,False,True,False,True,Default,Default,False,False,False,Default,Default,Default,Default,Default,Default,Default,1,5,Default,1,Default,Default,Default,Default,Default,Throughput,1,1,2,8.956 ms,1.7914 ms,0.2772 ms,,HartsyInference.GpuBenchmarks.Conv2DGpuBenchmarks
Conv2D_F32,Job-FXWCEQ,False,Default,Default,Default,Default,Default,Default,1111111111111111,Empty,RyuJit,Default,X64,8c5e7fda-e8bf-4a96-9a85-a6e23a8c635c,.NET 10.0,False,True,False,True,Default,Default,False,False,False,Default,Default,Default,Default,Default,Default,Default,1,5,Default,1,Default,Default,Default,Default,Default,Throughput,1,1,3,3.637 ms,1.3415 ms,0.3484 ms,,HartsyInference.GpuBenchmarks.Conv2DGpuBenchmarks
Conv2D_F32,Job-FXWCEQ,False,Default,Default,Default,Default,Default,Default,1111111111111111,Empty,RyuJit,Default,X64,8c5e7fda-e8bf-4a96-9a85-a6e23a8c635c,.NET 10.0,False,True,False,True,Default,Default,False,False,False,Default,Default,Default,Default,Default,Default,Default,1,5,Default,1,Default,Default,Default,Default,Default,Throughput,1,1,4,2.818 ms,0.3894 ms,0.0603 ms,,HartsyInference.GpuBenchmarks.Conv2DGpuBenchmarks
Conv2D_F32,Job-FXWCEQ,False,Default,Default,Default,Default,Default,Default,1111111111111111,Empty,RyuJit,Default,X64,8c5e7fda-e8bf-4a96-9a85-a6e23a8c635c,.NET 10.0,False,True,False,True,Default,Default,False,False,False,Default,Default,Default,Default,Default,Default,Default,1,5,Default,1,Default,Default,Default,Default,Default,Throughput,1,1,5,11.628 ms,0.2893 ms,0.0448 ms,,HartsyInference.GpuBenchmarks.Conv2DGpuBenchmarks
Conv2D_F32,Job-FXWCEQ,False,Default,Default,Default,Default,Default,Default,1111111111111111,Empty,RyuJit,Default,X64,8c5e7fda-e8bf-4a96-9a85-a6e23a8c635c,.NET 10.0,False,True,False,True,Default,Default,False,False,False,Default,Default,Default,Default,Default,Default,Default,1,5,Default,1,Default,Default,Default,Default,Default,Throughput,1,1,6,92.028 ms,1.6132 ms,0.4189 ms,,HartsyInference.GpuBenchmarks.Conv2DGpuBenchmarks
Conv2D_F32,Job-FXWCEQ,False,Default,Default,Default,Default,Default,Default,1111111111111111,Empty,RyuJit,Default,X64,8c5e7fda-e8bf-4a96-9a85-a6e23a8c635c,.NET 10.0,False,True,False,True,Default,Default,False,False,False,Default,Default,Default,Default,Default,Default,Default,1,5,Default,1,Default,Default,Default,Default,Default,Throughput,1,1,7,175.349 ms,1.0021 ms,0.1551 ms,,HartsyInference.GpuBenchmarks.Conv2DGpuBenchmarks
Silu,Job-FXWCEQ,False,Default,Default,Default,Default,Default,Default,1111111111111111,Empty,RyuJit,Default,X64,8c5e7fda-e8bf-4a96-9a85-a6e23a8c635c,.NET 10.0,False,True,False,True,Default,Default,False,False,False,Default,Default,Default,Default,Default,Default,Default,1,5,Default,1,Default,Default,Default,Default,Default,Throughput,1,1,,"2,493.31 μs",671.421 μs,174.366 μs,0,HartsyInference.GpuBenchmarks.ElementwiseGpuBenchmarks
Gelu,Job-FXWCEQ,False,Default,Default,Default,Default,Default,Default,1111111111111111,Empty,RyuJit,Default,X64,8c5e7fda-e8bf-4a96-9a85-a6e23a8c635c,.NET 10.0,False,True,False,True,Default,Default,False,False,False,Default,Default,Default,Default,Default,Default,Default,1,5,Default,1,Default,Default,Default,Default,Default,Throughput,1,1,,"2,435.89 μs","1,375.465 μs",357.204 μs,0,HartsyInference.GpuBenchmarks.ElementwiseGpuBenchmarks
BroadcastAdd,Job-FXWCEQ,False,Default,Default,Default,Default,Default,Default,1111111111111111,Empty,RyuJit,Default,X64,8c5e7fda-e8bf-4a96-9a85-a6e23a8c635c,.NET 10.0,False,True,False,True,Default,Default,False,False,False,Default,Default,Default,Default,Default,Default,Default,1,5,Default,1,Default,Default,Default,Default,Default,Throughput,1,1,,51.86 μs,31.800 μs,8.258 μs,0,HartsyInference.GpuBenchmarks.ElementwiseGpuBenchmarks
Silu,Job-FXWCEQ,False,Default,Default,Default,Default,Default,Default,1111111111111111,Empty,RyuJit,Default,X64,8c5e7fda-e8bf-4a96-9a85-a6e23a8c635c,.NET 10.0,False,True,False,True,Default,Default,False,False,False,Default,Default,Default,Default,Default,Default,Default,1,5,Default,1,Default,Default,Default,Default,Default,Throughput,1,1,,567.08 μs,179.763 μs,27.819 μs,1,HartsyInference.GpuBenchmarks.ElementwiseGpuBenchmarks
Gelu,Job-FXWCEQ,False,Default,Default,Default,Default,Default,Default,1111111111111111,Empty,RyuJit,Default,X64,8c5e7fda-e8bf-4a96-9a85-a6e23a8c635c,.NET 10.0,False,True,False,True,Default,Default,False,False,False,Default,Default,Default,Default,Default,Default,Default,1,5,Default,1,Default,Default,Default,Default,Default,Throughput,1,1,,593.93 μs,336.969 μs,52.146 μs,1,HartsyInference.GpuBenchmarks.ElementwiseGpuBenchmarks
BroadcastAdd,Job-FXWCEQ,False,Default,Default,Default,Default,Default,Default,1111111111111111,Empty,RyuJit,Default,X64,8c5e7fda-e8bf-4a96-9a85-a6e23a8c635c,.NET 10.0,False,True,False,True,Default,Default,False,False,False,Default,Default,Default,Default,Default,Default,Default,1,5,Default,1,Default,Default,Default,Default,Default,Throughput,1,1,,39.32 μs,32.277 μs,8.382 μs,1,HartsyInference.GpuBenchmarks.ElementwiseGpuBenchmarks
Silu,Job-FXWCEQ,False,Default,Default,Default,Default,Default,Default,1111111111111111,Empty,RyuJit,Default,X64,8c5e7fda-e8bf-4a96-9a85-a6e23a8c635c,.NET 10.0,False,True,False,True,Default,Default,False,False,False,Default,Default,Default,Default,Default,Default,Default,1,5,Default,1,Default,Default,Default,Default,Default,Throughput,1,1,,"2,402.57 μs",472.650 μs,73.143 μs,2,HartsyInference.GpuBenchmarks.ElementwiseGpuBenchmarks
Gelu,Job-FXWCEQ,False,Default,Default,Default,Default,Default,Default,1111111111111111,Empty,RyuJit,Default,X64,8c5e7fda-e8bf-4a96-9a85-a6e23a8c635c,.NET 10.0,False,True,False,True,Default,Default,False,False,False,Default,Default,Default,Default,Default,Default,Default,1,5,Default,1,Default,Default,Default,Default,Default,Throughput,1,1,,"2,405.54 μs",415.912 μs,64.363 μs,2,HartsyInference.GpuBenchmarks.ElementwiseGpuBenchmarks
BroadcastAdd,Job-FXWCEQ,False,Default,Default,Default,Default,Default,Default,1111111111111111,Empty,RyuJit,Default,X64,8c5e7fda-e8bf-4a96-9a85-a6e23a8c635c,.NET 10.0,False,True,False,True,Default,Default,False,False,False,Default,Default,Default,Default,Default,Default,Default,1,5,Default,1,Default,Default,Default,Default,Default,Throughput,1,1,,44.43 μs,5.464 μs,0.846 μs,2,HartsyInference.GpuBenchmarks.ElementwiseGpuBenchmarks
Silu,Job-FXWCEQ,False,Default,Default,Default,Default,Default,Default,1111111111111111,Empty,RyuJit,Default,X64,8c5e7fda-e8bf-4a96-9a85-a6e23a8c635c,.NET 10.0,False,True,False,True,Default,Default,False,False,False,Default,Default,Default,Default,Default,Default,Default,1,5,Default,1,Default,Default,Default,Default,Default,Throughput,1,1,,51.86 μs,153.613 μs,23.772 μs,3,HartsyInference.GpuBenchmarks.ElementwiseGpuBenchmarks
Gelu,Job-FXWCEQ,False,Default,Default,Default,Default,Default,Default,1111111111111111,Empty,RyuJit,Default,X64,8c5e7fda-e8bf-4a96-9a85-a6e23a8c635c,.NET 10.0,False,True,False,True,Default,Default,False,False,False,Default,Default,Default,Default,Default,Default,Default,1,5,Default,1,Default,Default,Default,Default,Default,Throughput,1,1,,46.59 μs,133.500 μs,20.659 μs,3,HartsyInference.GpuBenchmarks.ElementwiseGpuBenchmarks
BroadcastAdd,Job-FXWCEQ,False,Default,Default,Default,Default,Default,Default,1111111111111111,Empty,RyuJit,Default,X64,8c5e7fda-e8bf-4a96-9a85-a6e23a8c635c,.NET 10.0,False,True,False,True,Default,Default,False,False,False,Default,Default,Default,Default,Default,Default,Default,1,5,Default,1,Default,Default,Default,Default,Default,Throughput,1,1,,38.75 μs,30.272 μs,7.862 μs,3,HartsyInference.GpuBenchmarks.ElementwiseGpuBenchmarks
GroupNorm,Job-FXWCEQ,False,Default,Default,Default,Default,Default,Default,1111111111111111,Empty,RyuJit,Default,X64,8c5e7fda-e8bf-4a96-9a85-a6e23a8c635c,.NET 10.0,False,True,False,True,Default,Default,False,False,False,Default,Default,Default,Default,Default,Default,Default,1,5,Default,1,Default,Default,Default,Default,Default,Throughput,1,1,0,"2,682.7 μs",957.8 μs,148.22 μs,,HartsyInference.GpuBenchmarks.GroupNormGpuBenchmarks
GroupNormSilu_Fused,Job-FXWCEQ,False,Default,Default,Default,Default,Default,Default,1111111111111111,Empty,RyuJit,Default,X64,8c5e7fda-e8bf-4a96-9a85-a6e23a8c635c,.NET 10.0,False,True,False,True,Default,Default,False,False,False,Default,Default,Default,Default,Default,Default,Default,1,5,Default,1,Default,Default,Default,Default,Default,Throughput,1,1,0,"2,836.9 μs","1,098.4 μs",285.24 μs,,HartsyInference.GpuBenchmarks.GroupNormGpuBenchmarks
GroupNorm,Job-FXWCEQ,False,Default,Default,Default,Default,Default,Default,1111111111111111,Empty,RyuJit,Default,X64,8c5e7fda-e8bf-4a96-9a85-a6e23a8c635c,.NET 10.0,False,True,False,True,Default,Default,False,False,False,Default,Default,Default,Default,Default,Default,Default,1,5,Default,1,Default,Default,Default,Default,Default,Throughput,1,1,1,"1,278.0 μs",484.5 μs,125.82 μs,,HartsyInference.GpuBenchmarks.GroupNormGpuBenchmarks
GroupNormSilu_Fused,Job-FXWCEQ,False,Default,Default,Default,Default,Default,Default,1111111111111111,Empty,RyuJit,Default,X64,8c5e7fda-e8bf-4a96-9a85-a6e23a8c635c,.NET 10.0,False,True,False,True,Default,Default,False,False,False,Default,Default,Default,Default,Default,Default,Default,1,5,Default,1,Default,Default,Default,Default,Default,Throughput,1,1,1,"1,311.8 μs",565.2 μs,146.79 μs,,HartsyInference.GpuBenchmarks.GroupNormGpuBenchmarks
GroupNorm,Job-FXWCEQ,False,Default,Default,Default,Default,Default,Default,1111111111111111,Empty,RyuJit,Default,X64,8c5e7fda-e8bf-4a96-9a85-a6e23a8c635c,.NET 10.0,False,True,False,True,Default,Default,False,False,False,Default,Default,Default,Default,Default,Default,Default,1,5,Default,1,Default,Default,Default,Default,Default,Throughput,1,1,2,729.8 μs,585.6 μs,152.09 μs,,HartsyInference.GpuBenchmarks.GroupNormGpuBenchmarks
GroupNormSilu_Fused,Job-FXWCEQ,False,Default,Default,Default,Default,Default,Default,1111111111111111,Empty,RyuJit,Default,X64,8c5e7fda-e8bf-4a96-9a85-a6e23a8c635c,.NET 10.0,False,True,False,True,Default,Default,False,False,False,Default,Default,Default,Default,Default,Default,Default,1,5,Default,1,Default,Default,Default,Default,Default,Throughput,1,1,2,706.1 μs,489.2 μs,75.71 μs,,HartsyInference.GpuBenchmarks.GroupNormGpuBenchmarks
GroupNorm,Job-FXWCEQ,False,Default,Default,Default,Default,Default,Default,1111111111111111,Empty,RyuJit,Default,X64,8c5e7fda-e8bf-4a96-9a85-a6e23a8c635c,.NET 10.0,False,True,False,True,Default,Default,False,False,False,Default,Default,Default,Default,Default,Default,Default,1,5,Default,1,Default,Default,Default,Default,Default,Throughput,1,1,3,"4,533.7 μs",271.9 μs,42.07 μs,,HartsyInference.GpuBenchmarks.GroupNormGpuBenchmarks
GroupNormSilu_Fused,Job-FXWCEQ,False,Default,Default,Default,Default,Default,Default,1111111111111111,Empty,RyuJit,Default,X64,8c5e7fda-e8bf-4a96-9a85-a6e23a8c635c,.NET 10.0,False,True,False,True,Default,Default,False,False,False,Default,Default,Default,Default,Default,Default,Default,1,5,Default,1,Default,Default,Default,Default,Default,Throughput,1,1,3,"4,514.3 μs",247.5 μs,64.27 μs,,HartsyInference.GpuBenchmarks.GroupNormGpuBenchmarks
GroupNorm,Job-FXWCEQ,False,Default,Default,Default,Default,Default,Default,1111111111111111,Empty,RyuJit,Default,X64,8c5e7fda-e8bf-4a96-9a85-a6e23a8c635c,.NET 10.0,False,True,False,True,Default,Default,False,False,False,Default,Default,Default,Default,Default,Default,Default,1,5,Default,1,Default,Default,Default,Default,Default,Throughput,1,1,4,"40,785.1 μs","2,167.9 μs",335.49 μs,,HartsyInference.GpuBenchmarks.GroupNormGpuBenchmarks
GroupNormSilu_Fused,Job-FXWCEQ,False,Default,Default,Default,Default,Default,Default,1111111111111111,Empty,RyuJit,Default,X64,8c5e7fda-e8bf-4a96-9a85-a6e23a8c635c,.NET 10.0,False,True,False,True,Default,Default,False,False,False,Default,Default,Default,Default,Default,Default,Default,1,5,Default,1,Default,Default,Default,Default,Default,Throughput,1,1,4,"41,057.7 μs",408.8 μs,106.16 μs,,HartsyInference.GpuBenchmarks.GroupNormGpuBenchmarks
LayerNorm,Job-FXWCEQ,False,Default,Default,Default,Default,Default,Default,1111111111111111,Empty,RyuJit,Default,X64,8c5e7fda-e8bf-4a96-9a85-a6e23a8c635c,.NET 10.0,False,True,False,True,Default,Default,False,False,False,Default,Default,Default,Default,Default,Default,Default,1,5,Default,1,Default,Default,Default,Default,Default,Throughput,1,1,0,"2,371.4 μs",700.4 μs,108.38 μs,,HartsyInference.GpuBenchmarks.LayerNormGpuBenchmarks
LayerNorm,Job-FXWCEQ,False,Default,Default,Default,Default,Default,Default,1111111111111111,Empty,RyuJit,Default,X64,8c5e7fda-e8bf-4a96-9a85-a6e23a8c635c,.NET 10.0,False,True,False,True,Default,Default,False,False,False,Default,Default,Default,Default,Default,Default,Default,1,5,Default,1,Default,Default,Default,Default,Default,Throughput,1,1,1,704.0 μs,510.4 μs,78.99 μs,,HartsyInference.GpuBenchmarks.LayerNormGpuBenchmarks
LayerNorm,Job-FXWCEQ,False,Default,Default,Default,Default,Default,Default,1111111111111111,Empty,RyuJit,Default,X64,8c5e7fda-e8bf-4a96-9a85-a6e23a8c635c,.NET 10.0,False,True,False,True,Default,Default,False,False,False,Default,Default,Default,Default,Default,Default,Default,1,5,Default,1,Default,Default,Default,Default,Default,Throughput,1,1,2,"1,373.3 μs",505.4 μs,78.22 μs,,HartsyInference.GpuBenchmarks.LayerNormGpuBenchmarks
LayerNorm,Job-FXWCEQ,False,Default,Default,Default,Default,Default,Default,1111111111111111,Empty,RyuJit,Default,X64,8c5e7fda-e8bf-4a96-9a85-a6e23a8c635c,.NET 10.0,False,True,False,True,Default,Default,False,False,False,Default,Default,Default,Default,Default,Default,Default,1,5,Default,1,Default,Default,Default,Default,Default,Throughput,1,1,3,"1,670.9 μs",451.4 μs,69.85 μs,,HartsyInference.GpuBenchmarks.LayerNormGpuBenchmarks
LayerNorm,Job-FXWCEQ,False,Default,Default,Default,Default,Default,Default,1111111111111111,Empty,RyuJit,Default,X64,8c5e7fda-e8bf-4a96-9a85-a6e23a8c635c,.NET 10.0,False,True,False,True,Default,Default,False,False,False,Default,Default,Default,Default,Default,Default,Default,1,5,Default,1,Default,Default,Default,Default,Default,Throughput,1,1,4,"1,107.9 μs",697.6 μs,181.17 μs,,HartsyInference.GpuBenchmarks.LayerNormGpuBenchmarks
MatMul_F32,Job-FXWCEQ,False,Default,Default,Default,Default,Default,Default,1111111111111111,Empty,RyuJit,Default,X64,8c5e7fda-e8bf-4a96-9a85-a6e23a8c635c,.NET 10.0,False,True,False,True,Default,Default,False,False,False,Default,Default,Default,Default,Default,Default,Default,1,5,Default,1,Default,Default,Default,Default,Default,Throughput,1,1,0,3.399 ms,0.4011 ms,0.0621 ms,,HartsyInference.GpuBenchmarks.MatMulGpuBenchmarks
MatMul_F16,Job-FXWCEQ,False,Default,Default,Default,Default,Default,Default,1111111111111111,Empty,RyuJit,Default,X64,8c5e7fda-e8bf-4a96-9a85-a6e23a8c635c,.NET 10.0,False,True,False,True,Default,Default,False,False,False,Default,Default,Default,Default,Default,Default,Default,1,5,Default,1,Default,Default,Default,Default,Default,Throughput,1,1,0,1.623 ms,0.7041 ms,0.1829 ms,,HartsyInference.GpuBenchmarks.MatMulGpuBenchmarks
MatMul_F32,Job-FXWCEQ,False,Default,Default,Default,Default,Default,Default,1111111111111111,Empty,RyuJit,Default,X64,8c5e7fda-e8bf-4a96-9a85-a6e23a8c635c,.NET 10.0,False,True,False,True,Default,Default,False,False,False,Default,Default,Default,Default,Default,Default,Default,1,5,Default,1,Default,Default,Default,Default,Default,Throughput,1,1,1,3.404 ms,0.5673 ms,0.0878 ms,,HartsyInference.GpuBenchmarks.MatMulGpuBenchmarks
MatMul_F16,Job-FXWCEQ,False,Default,Default,Default,Default,Default,Default,1111111111111111,Empty,RyuJit,Default,X64,8c5e7fda-e8bf-4a96-9a85-a6e23a8c635c,.NET 10.0,False,True,False,True,Default,Default,False,False,False,Default,Default,Default,Default,Default,Default,Default,1,5,Default,1,Default,Default,Default,Default,Default,Throughput,1,1,1,1.503 ms,0.4142 ms,0.0641 ms,,HartsyInference.GpuBenchmarks.MatMulGpuBenchmarks
MatMul_F32,Job-FXWCEQ,False,Default,Default,Default,Default,Default,Default,1111111111111111,Empty,RyuJit,Default,X64,8c5e7fda-e8bf-4a96-9a85-a6e23a8c635c,.NET 10.0,False,True,False,True,Default,Default,False,False,False,Default,Default,Default,Default,Default,Default,Default,1,5,Default,1,Default,Default,Default,Default,Default,Throughput,1,1,2,11.518 ms,1.7724 ms,0.4603 ms,,HartsyInference.GpuBenchmarks.MatMulGpuBenchmarks
MatMul_F16,Job-FXWCEQ,False,Default,Default,Default,Default,Default,Default,1111111111111111,Empty,RyuJit,Default,X64,8c5e7fda-e8bf-4a96-9a85-a6e23a8c635c,.NET 10.0,False,True,False,True,Default,Default,False,False,False,Default,Default,Default,Default,Default,Default,Default,1,5,Default,1,Default,Default,Default,Default,Default,Throughput,1,1,2,5.231 ms,0.7898 ms,0.1222 ms,,HartsyInference.GpuBenchmarks.MatMulGpuBenchmarks
MatMul_F32,Job-FXWCEQ,False,Default,Default,Default,Default,Default,Default,1111111111111111,Empty,RyuJit,Default,X64,8c5e7fda-e8bf-4a96-9a85-a6e23a8c635c,.NET 10.0,False,True,False,True,Default,Default,False,False,False,Default,Default,Default,Default,Default,Default,Default,1,5,Default,1,Default,Default,Default,Default,Default,Throughput,1,1,3,14.768 ms,1.1544 ms,0.2998 ms,,HartsyInference.GpuBenchmarks.MatMulGpuBenchmarks
MatMul_F16,Job-FXWCEQ,False,Default,Default,Default,Default,Default,Default,1111111111111111,Empty,RyuJit,Default,X64,8c5e7fda-e8bf-4a96-9a85-a6e23a8c635c,.NET 10.0,False,True,False,True,Default,Default,False,False,False,Default,Default,Default,Default,Default,Default,Default,1,5,Default,1,Default,Default,Default,Default,Default,Throughput,1,1,3,6.598 ms,0.3537 ms,0.0547 ms,,HartsyInference.GpuBenchmarks.MatMulGpuBenchmarks
MatMul_F32,Job-FXWCEQ,False,Default,Default,Default,Default,Default,Default,1111111111111111,Empty,RyuJit,Default,X64,8c5e7fda-e8bf-4a96-9a85-a6e23a8c635c,.NET 10.0,False,True,False,True,Default,Default,False,False,False,Default,Default,Default,Default,Default,Default,Default,1,5,Default,1,Default,Default,Default,Default,Default,Throughput,1,1,4,16.775 ms,0.5059 ms,0.1314 ms,,HartsyInference.GpuBenchmarks.MatMulGpuBenchmarks
MatMul_F16,Job-FXWCEQ,False,Default,Default,Default,Default,Default,Default,1111111111111111,Empty,RyuJit,Default,X64,8c5e7fda-e8bf-4a96-9a85-a6e23a8c635c,.NET 10.0,False,True,False,True,Default,Default,False,False,False,Default,Default,Default,Default,Default,Default,Default,1,5,Default,1,Default,Default,Default,Default,Default,Throughput,1,1,4,7.510 ms,0.5566 ms,0.0861 ms,,HartsyInference.GpuBenchmarks.MatMulGpuBenchmarks
MatMul_F32,Job-FXWCEQ,False,Default,Default,Default,Default,Default,Default,1111111111111111,Empty,RyuJit,Default,X64,8c5e7fda-e8bf-4a96-9a85-a6e23a8c635c,.NET 10.0,False,True,False,True,Default,Default,False,False,False,Default,Default,Default,Default,Default,Default,Default,1,5,Default,1,Default,Default,Default,Default,Default,Throughput,1,1,5,21.169 ms,0.7852 ms,0.2039 ms,,HartsyInference.GpuBenchmarks.MatMulGpuBenchmarks
MatMul_F16,Job-FXWCEQ,False,Default,Default,Default,Default,Default,Default,1111111111111111,Empty,RyuJit,Default,X64,8c5e7fda-e8bf-4a96-9a85-a6e23a8c635c,.NET 10.0,False,True,False,True,Default,Default,False,False,False,Default,Default,Default,Default,Default,Default,Default,1,5,Default,1,Default,Default,Default,Default,Default,Throughput,1,1,5,10.375 ms,0.9482 ms,0.2462 ms,,HartsyInference.GpuBenchmarks.MatMulGpuBenchmarks
MatMul_F32,Job-FXWCEQ,False,Default,Default,Default,Default,Default,Default,1111111111111111,Empty,RyuJit,Default,X64,8c5e7fda-e8bf-4a96-9a85-a6e23a8c635c,.NET 10.0,False,True,False,True,Default,Default,False,False,False,Default,Default,Default,Default,Default,Default,Default,1,5,Default,1,Default,Default,Default,Default,Default,Throughput,1,1,6,4.492 ms,0.5462 ms,0.0845 ms,,HartsyInference.GpuBenchmarks.MatMulGpuBenchmarks
MatMul_F16,Job-FXWCEQ,False,Default,Default,Default,Default,Default,Default,1111111111111111,Empty,RyuJit,Default,X64,8c5e7fda-e8bf-4a96-9a85-a6e23a8c635c,.NET 10.0,False,True,False,True,Default,Default,False,False,False,Default,Default,Default,Default,Default,Default,Default,1,5,Default,1,Default,Default,Default,Default,Default,Throughput,1,1,6,1.989 ms,0.3478 ms,0.0538 ms,,HartsyInference.GpuBenchmarks.MatMulGpuBenchmarks
MatMul_F32,Job-FXWCEQ,False,Default,Default,Default,Default,Default,Default,1111111111111111,Empty,RyuJit,Default,X64,8c5e7fda-e8bf-4a96-9a85-a6e23a8c635c,.NET 10.0,False,True,False,True,Default,Default,False,False,False,Default,Default,Default,Default,Default,Default,Default,1,5,Default,1,Default,Default,Default,Default,Default,Throughput,1,1,7,25.508 ms,1.1595 ms,0.1794 ms,,HartsyInference.GpuBenchmarks.MatMulGpuBenchmarks
MatMul_F16,Job-FXWCEQ,False,Default,Default,Default,Default,Default,Default,1111111111111111,Empty,RyuJit,Default,X64,8c5e7fda-e8bf-4a96-9a85-a6e23a8c635c,.NET 10.0,False,True,False,True,Default,Default,False,False,False,Default,Default,Default,Default,Default,Default,Default,1,5,Default,1,Default,Default,Default,Default,Default,Throughput,1,1,7,11.886 ms,0.8754 ms,0.2273 ms,,HartsyInference.GpuBenchmarks.MatMulGpuBenchmarks
MatMul_F32,Job-FXWCEQ,False,Default,Default,Default,Default,Default,Default,1111111111111111,Empty,RyuJit,Default,X64,8c5e7fda-e8bf-4a96-9a85-a6e23a8c635c,.NET 10.0,False,True,False,True,Default,Default,False,False,False,Default,Default,Default,Default,Default,Default,Default,1,5,Default,1,Default,Default,Default,Default,Default,Throughput,1,1,8,9.514 ms,0.7848 ms,0.2038 ms,,HartsyInference.GpuBenchmarks.MatMulGpuBenchmarks
MatMul_F16,Job-FXWCEQ,False,Default,Default,Default,Default,Default,Default,1111111111111111,Empty,RyuJit,Default,X64,8c5e7fda-e8bf-4a96-9a85-a6e23a8c635c,.NET 10.0,False,True,False,True,Default,Default,False,False,False,Default,Default,Default,Default,Default,Default,Default,1,5,Default,1,Default,Default,Default,Default,Default,Throughput,1,1,8,4.707 ms,0.9769 ms,0.2537 ms,,HartsyInference.GpuBenchmarks.MatMulGpuBenchmarks
MatMul_F32,Job-FXWCEQ,False,Default,Default,Default,Default,Default,Default,1111111111111111,Empty,RyuJit,Default,X64,8c5e7fda-e8bf-4a96-9a85-a6e23a8c635c,.NET 10.0,False,True,False,True,Default,Default,False,False,False,Default,Default,Default,Default,Default,Default,Default,1,5,Default,1,Default,Default,Default,Default,Default,Throughput,1,1,9,16.411 ms,0.7898 ms,0.2051 ms,,HartsyInference.GpuBenchmarks.MatMulGpuBenchmarks
MatMul_F16,Job-FXWCEQ,False,Default,Default,Default,Default,Default,Default,1111111111111111,Empty,RyuJit,Default,X64,8c5e7fda-e8bf-4a96-9a85-a6e23a8c635c,.NET 10.0,False,True,False,True,Default,Default,False,False,False,Default,Default,Default,Default,Default,Default,Default,1,5,Default,1,Default,Default,Default,Default,Default,Throughput,1,1,9,7.553 ms,0.7116 ms,0.1848 ms,,HartsyInference.GpuBenchmarks.MatMulGpuBenchmarks
AllocFree_Sync,Job-FXWCEQ,False,Default,Default,Default,Default,Default,Default,1111111111111111,Empty,RyuJit,Default,X64,8c5e7fda-e8bf-4a96-9a85-a6e23a8c635c,.NET 10.0,False,True,False,True,Default,Default,False,False,False,Default,Default,Default,Default,Default,Default,Default,1,5,Default,1,Default,Default,Default,Default,Default,Throughput,1,1,,187.7 μs,28.28 μs,7.34 μs,0,HartsyInference.GpuBenchmarks.MemoryAllocFreeBenchmarks
AllocFree_Async,Job-FXWCEQ,False,Default,Default,Default,Default,Default,Default,1111111111111111,Empty,RyuJit,Default,X64,8c5e7fda-e8bf-4a96-9a85-a6e23a8c635c,.NET 10.0,False,True,False,True,Default,Default,False,False,False,Default,Default,Default,Default,Default,Default,Default,1,5,Default,1,Default,Default,Default,Default,Default,Throughput,1,1,,184.6 μs,12.27 μs,1.90 μs,0,HartsyInference.GpuBenchmarks.MemoryAllocFreeBenchmarks
AllocFree_Sync,Job-FXWCEQ,False,Default,Default,Default,Default,Default,Default,1111111111111111,Empty,RyuJit,Default,X64,8c5e7fda-e8bf-4a96-9a85-a6e23a8c635c,.NET 10.0,False,True,False,True,Default,Default,False,False,False,Default,Default,Default,Default,Default,Default,Default,1,5,Default,1,Default,Default,Default,Default,Default,Throughput,1,1,,181.6 μs,20.32 μs,5.28 μs,1,HartsyInference.GpuBenchmarks.MemoryAllocFreeBenchmarks
AllocFree_Async,Job-FXWCEQ,False,Default,Default,Default,Default,Default,Default,1111111111111111,Empty,RyuJit,Default,X64,8c5e7fda-e8bf-4a96-9a85-a6e23a8c635c,.NET 10.0,False,True,False,True,Default,Default,False,False,False,Default,Default,Default,Default,Default,Default,Default,1,5,Default,1,Default,Default,Default,Default,Default,Throughput,1,1,,184.6 μs,22.30 μs,5.79 μs,1,HartsyInference.GpuBenchmarks.MemoryAllocFreeBenchmarks
AllocFree_Sync,Job-FXWCEQ,False,Default,Default,Default,Default,Default,Default,1111111111111111,Empty,RyuJit,Default,X64,8c5e7fda-e8bf-4a96-9a85-a6e23a8c635c,.NET 10.0,False,True,False,True,Default,Default,False,False,False,Default,Default,Default,Default,Default,Default,Default,1,5,Default,1,Default,Default,Default,Default,Default,Throughput,1,1,,884.0 μs,53.98 μs,8.35 μs,2,HartsyInference.GpuBenchmarks.MemoryAllocFreeBenchmarks
AllocFree_Async,Job-FXWCEQ,False,Default,Default,Default,Default,Default,Default,1111111111111111,Empty,RyuJit,Default,X64,8c5e7fda-e8bf-4a96-9a85-a6e23a8c635c,.NET 10.0,False,True,False,True,Default,Default,False,False,False,Default,Default,Default,Default,Default,Default,Default,1,5,Default,1,Default,Default,Default,Default,Default,Throughput,1,1,,875.8 μs,20.09 μs,5.22 μs,2,HartsyInference.GpuBenchmarks.MemoryAllocFreeBenchmarks
AllocFree_Sync,Job-FXWCEQ,False,Default,Default,Default,Default,Default,Default,1111111111111111,Empty,RyuJit,Default,X64,8c5e7fda-e8bf-4a96-9a85-a6e23a8c635c,.NET 10.0,False,True,False,True,Default,Default,False,False,False,Default,Default,Default,Default,Default,Default,Default,1,5,Default,1,Default,Default,Default,Default,Default,Throughput,1,1,,"4,992.3 μs",175.05 μs,45.46 μs,3,HartsyInference.GpuBenchmarks.MemoryAllocFreeBenchmarks
AllocFree_Async,Job-FXWCEQ,False,Default,Default,Default,Default,Default,Default,1111111111111111,Empty,RyuJit,Default,X64,8c5e7fda-e8bf-4a96-9a85-a6e23a8c635c,.NET 10.0,False,True,False,True,Default,Default,False,False,False,Default,Default,Default,Default,Default,Default,Default,1,5,Default,1,Default,Default,Default,Default,Default,Throughput,1,1,,"4,960.0 μs",131.17 μs,34.06 μs,3,HartsyInference.GpuBenchmarks.MemoryAllocFreeBenchmarks
AllocFree_Sync,Job-FXWCEQ,False,Default,Default,Default,Default,Default,Default,1111111111111111,Empty,RyuJit,Default,X64,8c5e7fda-e8bf-4a96-9a85-a6e23a8c635c,.NET 10.0,False,True,False,True,Default,Default,False,False,False,Default,Default,Default,Default,Default,Default,Default,1,5,Default,1,Default,Default,Default,Default,Default,Throughput,1,1,,"21,352.8 μs","2,016.39 μs",523.65 μs,4,HartsyInference.GpuBenchmarks.MemoryAllocFreeBenchmarks
AllocFree_Async,Job-FXWCEQ,False,Default,Default,Default,Default,Default,Default,1111111111111111,Empty,RyuJit,Default,X64,8c5e7fda-e8bf-4a96-9a85-a6e23a8c635c,.NET 10.0,False,True,False,True,Default,Default,False,False,False,Default,Default,Default,Default,Default,Default,Default,1,5,Default,1,Default,Default,Default,Default,Default,Throughput,1,1,,"20,258.7 μs",387.08 μs,100.52 μs,4,HartsyInference.GpuBenchmarks.MemoryAllocFreeBenchmarks
RmsNorm,Job-FXWCEQ,False,Default,Default,Default,Default,Default,Default,1111111111111111,Empty,RyuJit,Default,X64,8c5e7fda-e8bf-4a96-9a85-a6e23a8c635c,.NET 10.0,False,True,False,True,Default,Default,False,False,False,Default,Default,Default,Default,Default,Default,Default,1,5,Default,1,Default,Default,Default,Default,Default,Throughput,1,1,0,695.4 μs,441.4 μs,68.31 μs,,HartsyInference.GpuBenchmarks.RmsNormGpuBenchmarks
RmsNorm,Job-FXWCEQ,False,Default,Default,Default,Default,Default,Default,1111111111111111,Empty,RyuJit,Default,X64,8c5e7fda-e8bf-4a96-9a85-a6e23a8c635c,.NET 10.0,False,True,False,True,Default,Default,False,False,False,Default,Default,Default,Default,Default,Default,Default,1,5,Default,1,Default,Default,Default,Default,Default,Throughput,1,1,1,"1,382.5 μs",772.6 μs,119.56 μs,,HartsyInference.GpuBenchmarks.RmsNormGpuBenchmarks
RmsNorm,Job-FXWCEQ,False,Default,Default,Default,Default,Default,Default,1111111111111111,Empty,RyuJit,Default,X64,8c5e7fda-e8bf-4a96-9a85-a6e23a8c635c,.NET 10.0,False,True,False,True,Default,Default,False,False,False,Default,Default,Default,Default,Default,Default,Default,1,5,Default,1,Default,Default,Default,Default,Default,Throughput,1,1,2,"1,797.1 μs",631.5 μs,97.72 μs,,HartsyInference.GpuBenchmarks.RmsNormGpuBenchmarks
RmsNorm,Job-FXWCEQ,False,Default,Default,Default,Default,Default,Default,1111111111111111,Empty,RyuJit,Default,X64,8c5e7fda-e8bf-4a96-9a85-a6e23a8c635c,.NET 10.0,False,True,False,True,Default,Default,False,False,False,Default,Default,Default,Default,Default,Default,Default,1,5,Default,1,Default,Default,Default,Default,Default,Throughput,1,1,3,"1,098.8 μs",819.6 μs,212.84 μs,,HartsyInference.GpuBenchmarks.RmsNormGpuBenchmarks
RmsNorm,Job-FXWCEQ,False,Default,Default,Default,Default,Default,Default,1111111111111111,Empty,RyuJit,Default,X64,8c5e7fda-e8bf-4a96-9a85-a6e23a8c635c,.NET 10.0,False,True,False,True,Default,Default,False,False,False,Default,Default,Default,Default,Default,Default,Default,1,5,Default,1,Default,Default,Default,Default,Default,Throughput,1,1,4,"2,028.6 μs",621.8 μs,161.49 μs,,HartsyInference.GpuBenchmarks.RmsNormGpuBenchmarks
Sdpa_F32,Job-FXWCEQ,False,Default,Default,Default,Default,Default,Default,1111111111111111,Empty,RyuJit,Default,X64,8c5e7fda-e8bf-4a96-9a85-a6e23a8c635c,.NET 10.0,False,True,False,True,Default,Default,False,False,False,Default,Default,Default,Default,Default,Default,Default,1,5,Default,1,Default,Default,Default,Default,Default,Throughput,1,1,0,2.930 ms,0.5310 ms,0.0822 ms,,HartsyInference.GpuBenchmarks.SdpaGpuBenchmarks
Sdpa_F16,Job-FXWCEQ,False,Default,Default,Default,Default,Default,Default,1111111111111111,Empty,RyuJit,Default,X64,8c5e7fda-e8bf-4a96-9a85-a6e23a8c635c,.NET 10.0,False,True,False,True,Default,Default,False,False,False,Default,Default,Default,Default,Default,Default,Default,1,5,Default,1,Default,Default,Default,Default,Default,Throughput,1,1,0,1.457 ms,0.6390 ms,0.0989 ms,,HartsyInference.GpuBenchmarks.SdpaGpuBenchmarks
Sdpa_F32,Job-FXWCEQ,False,Default,Default,Default,Default,Default,Default,1111111111111111,Empty,RyuJit,Default,X64,8c5e7fda-e8bf-4a96-9a85-a6e23a8c635c,.NET 10.0,False,True,False,True,Default,Default,False,False,False,Default,Default,Default,Default,Default,Default,Default,1,5,Default,1,Default,Default,Default,Default,Default,Throughput,1,1,1,35.178 ms,1.7929 ms,0.2775 ms,,HartsyInference.GpuBenchmarks.SdpaGpuBenchmarks
Sdpa_F16,Job-FXWCEQ,False,Default,Default,Default,Default,Default,Default,1111111111111111,Empty,RyuJit,Default,X64,8c5e7fda-e8bf-4a96-9a85-a6e23a8c635c,.NET 10.0,False,True,False,True,Default,Default,False,False,False,Default,Default,Default,Default,Default,Default,Default,1,5,Default,1,Default,Default,Default,Default,Default,Throughput,1,1,1,16.213 ms,0.4089 ms,0.0633 ms,,HartsyInference.GpuBenchmarks.SdpaGpuBenchmarks
Sdpa_F32,Job-FXWCEQ,False,Default,Default,Default,Default,Default,Default,1111111111111111,Empty,RyuJit,Default,X64,8c5e7fda-e8bf-4a96-9a85-a6e23a8c635c,.NET 10.0,False,True,False,True,Default,Default,False,False,False,Default,Default,Default,Default,Default,Default,Default,1,5,Default,1,Default,Default,Default,Default,Default,Throughput,1,1,2,3.195 ms,0.7098 ms,0.1843 ms,,HartsyInference.GpuBenchmarks.SdpaGpuBenchmarks
Sdpa_F16,Job-FXWCEQ,False,Default,Default,Default,Default,Default,Default,1111111111111111,Empty,RyuJit,Default,X64,8c5e7fda-e8bf-4a96-9a85-a6e23a8c635c,.NET 10.0,False,True,False,True,Default,Default,False,False,False,Default,Default,Default,Default,Default,Default,Default,1,5,Default,1,Default,Default,Default,Default,Default,Throughput,1,1,2,1.625 ms,0.5224 ms,0.1357 ms,,HartsyInference.GpuBenchmarks.SdpaGpuBenchmarks
Sdpa_F32,Job-FXWCEQ,False,Default,Default,Default,Default,Default,Default,1111111111111111,Empty,RyuJit,Default,X64,8c5e7fda-e8bf-4a96-9a85-a6e23a8c635c,.NET 10.0,False,True,False,True,Default,Default,False,False,False,Default,Default,Default,Default,Default,Default,Default,1,5,Default,1,Default,Default,Default,Default,Default,Throughput,1,1,3,7.270 ms,1.3550 ms,0.3519 ms,,HartsyInference.GpuBenchmarks.SdpaGpuBenchmarks
Sdpa_F16,Job-FXWCEQ,False,Default,Default,Default,Default,Default,Default,1111111111111111,Empty,RyuJit,Default,X64,8c5e7fda-e8bf-4a96-9a85-a6e23a8c635c,.NET 10.0,False,True,False,True,Default,Default,False,False,False,Default,Default,Default,Default,Default,Default,Default,1,5,Default,1,Default,Default,Default,Default,Default,Throughput,1,1,3,3.506 ms,1.4620 ms,0.3797 ms,,HartsyInference.GpuBenchmarks.SdpaGpuBenchmarks
Sdpa_F32,Job-FXWCEQ,False,Default,Default,Default,Default,Default,Default,1111111111111111,Empty,RyuJit,Default,X64,8c5e7fda-e8bf-4a96-9a85-a6e23a8c635c,.NET 10.0,False,True,False,True,Default,Default,False,False,False,Default,Default,Default,Default,Default,Default,Default,1,5,Default,1,Default,Default,Default,Default,Default,Throughput,1,1,4,9.819 ms,1.3992 ms,0.3634 ms,,HartsyInference.GpuBenchmarks.SdpaGpuBenchmarks
Sdpa_F16,Job-FXWCEQ,False,Default,Default,Default,Default,Default,Default,1111111111111111,Empty,RyuJit,Default,X64,8c5e7fda-e8bf-4a96-9a85-a6e23a8c635c,.NET 10.0,False,True,False,True,Default,Default,False,False,False,Default,Default,Default,Default,Default,Default,Default,1,5,Default,1,Default,Default,Default,Default,Default,Throughput,1,1,4,4.481 ms,1.2500 ms,0.3246 ms,,HartsyInference.GpuBenchmarks.SdpaGpuBenchmarks
Sdpa_F32,Job-FXWCEQ,False,Default,Default,Default,Default,Default,Default,1111111111111111,Empty,RyuJit,Default,X64,8c5e7fda-e8bf-4a96-9a85-a6e23a8c635c,.NET 10.0,False,True,False,True,Default,Default,False,False,False,Default,Default,Default,Default,Default,Default,Default,1,5,Default,1,Default,Default,Default,Default,Default,Throughput,1,1,5,10.452 ms,1.6759 ms,0.4352 ms,,HartsyInference.GpuBenchmarks.SdpaGpuBenchmarks
Sdpa_F16,Job-FXWCEQ,False,Default,Default,Default,Default,Default,Default,1111111111111111,Empty,RyuJit,Default,X64,8c5e7fda-e8bf-4a96-9a85-a6e23a8c635c,.NET 10.0,False,True,False,True,Default,Default,False,False,False,Default,Default,Default,Default,Default,Default,Default,1,5,Default,1,Default,Default,Default,Default,Default,Throughput,1,1,5,4.694 ms,1.2520 ms,0.3251 ms,,HartsyInference.GpuBenchmarks.SdpaGpuBenchmarks
Sdpa_F32,Job-FXWCEQ,False,Default,Default,Default,Default,Default,Default,1111111111111111,Empty,RyuJit,Default,X64,8c5e7fda-e8bf-4a96-9a85-a6e23a8c635c,.NET 10.0,False,True,False,True,Default,Default,False,False,False,Default,Default,Default,Default,Default,Default,Default,1,5,Default,1,Default,Default,Default,Default,Default,Throughput,1,1,6,5.796 ms,0.4077 ms,0.0631 ms,,HartsyInference.GpuBenchmarks.SdpaGpuBenchmarks
Sdpa_F16,Job-FXWCEQ,False,Default,Default,Default,Default,Default,Default,1111111111111111,Empty,RyuJit,Default,X64,8c5e7fda-e8bf-4a96-9a85-a6e23a8c635c,.NET 10.0,False,True,False,True,Default,Default,False,False,False,Default,Default,Default,Default,Default,Default,Default,1,5,Default,1,Default,Default,Default,Default,Default,Throughput,1,1,6,2.638 ms,2.5928 ms,0.6733 ms,,HartsyInference.GpuBenchmarks.SdpaGpuBenchmarks
Sdpa_F32,Job-FXWCEQ,False,Default,Default,Default,Default,Default,Default,1111111111111111,Empty,RyuJit,Default,X64,8c5e7fda-e8bf-4a96-9a85-a6e23a8c635c,.NET 10.0,False,True,False,True,Default,Default,False,False,False,Default,Default,Default,Default,Default,Default,Default,1,5,Default,1,Default,Default,Default,Default,Default,Throughput,1,1,7,2.889 ms,0.7953 ms,0.1231 ms,,HartsyInference.GpuBenchmarks.SdpaGpuBenchmarks
Sdpa_F16,Job-FXWCEQ,False,Default,Default,Default,Default,Default,Default,1111111111111111,Empty,RyuJit,Default,X64,8c5e7fda-e8bf-4a96-9a85-a6e23a8c635c,.NET 10.0,False,True,False,True,Default,Default,False,False,False,Default,Default,Default,Default,Default,Default,Default,1,5,Default,1,Default,Default,Default,Default,Default,Throughput,1,1,7,1.754 ms,1.0960 ms,0.2846 ms,,HartsyInference.GpuBenchmarks.SdpaGpuBenchmarks
